DateTime,Logined Users,Machine Load
2022-10-14 10:35:26,15,8.5
2022-10-14 10:36:44,15,8.0
2022-10-14 10:40:41,15,10.5
2022-10-14 10:40:52,15,10.5
2022-10-14 10:46:11,15,8.0
2022-10-14 10:51:13,17,14.25
2022-10-14 10:56:21,17,28.0
2022-10-14 11:01:26,17,30.75
2022-10-14 11:06:17,17,34.0
2022-10-14 11:11:26,17,34.5
2022-10-14 11:16:21,17,34.5
2022-10-14 11:21:26,17,32.0
2022-10-14 11:26:21,17,33.25
2022-10-14 11:31:17,17,34.0
2022-10-14 11:36:17,17,35.0
2022-10-14 11:41:26,17,34.5
2022-10-14 11:46:21,17,34.0
2022-10-14 11:51:26,17,34.0
2022-10-14 11:56:21,17,36.0
2022-10-14 12:01:26,17,34.5
2022-10-14 12:06:16,17,35.0
2022-10-14 12:11:17,17,33.75
2022-10-14 12:16:21,17,34.5
2022-10-14 12:21:17,17,23.0
2022-10-14 12:26:17,17,13.25
2022-10-14 12:31:26,17,10.5
2022-10-14 12:36:17,17,8.25
2022-10-14 12:41:26,17,7.0
2022-10-14 12:46:21,17,9.5
2022-10-14 12:51:26,17,8.25
2022-10-14 12:56:26,17,7.0
2022-10-14 13:01:26,17,7.25
2022-10-14 13:06:26,17,7.25
2022-10-14 13:11:17,17,9.75
2022-10-14 13:16:26,17,6.75
2022-10-14 13:21:17,17,7.75
2022-10-14 13:26:21,17,8.5
2022-10-14 13:31:26,17,8.0
2022-10-14 13:36:17,17,8.75
2022-10-14 13:41:26,17,8.0
2022-10-14 13:46:21,17,7.75
2022-10-14 13:51:17,17,8.5
2022-10-14 13:56:21,17,8.5
2022-10-14 14:01:26,17,8.25
2022-10-14 14:06:17,17,9.0
2022-10-14 14:11:26,17,7.0
2022-10-14 14:16:21,17,8.0
2022-10-14 14:21:26,17,8.25
2022-10-14 14:26:21,17,8.75
2022-10-14 14:31:17,17,6.5
2022-10-14 14:36:17,17,8.75
2022-10-14 14:41:26,17,10.0
2022-10-14 14:46:21,18,54.75
2022-10-14 14:51:26,18,79.75
2022-10-14 14:56:21,18,36.75
2022-10-14 15:01:26,18,19.0
2022-10-14 15:06:17,18,12.0
2022-10-14 15:11:17,18,7.25
2022-10-14 15:16:21,17,10.5
2022-10-14 15:21:17,17,11.75
2022-10-14 15:26:21,17,8.25
2022-10-14 15:31:26,17,8.5
2022-10-14 15:36:21,17,9.75
2022-10-14 15:41:26,17,11.25
2022-10-14 15:46:21,17,15.0
2022-10-14 15:51:26,17,13.5
2022-10-14 15:56:21,17,10.75
2022-10-14 16:01:17,17,9.0
2022-10-14 16:06:16,17,8.5
2022-10-14 16:11:26,17,11.0
2022-10-14 16:16:21,17,7.5
2022-10-14 16:21:26,17,9.0
2022-10-14 16:26:21,17,11.0
2022-10-14 16:31:26,17,9.0
2022-10-14 16:36:17,17,9.75
2022-10-14 16:41:17,17,9.75
2022-10-14 16:46:21,17,9.5
2022-10-14 16:51:16,17,7.25
2022-10-14 16:56:21,17,7.75
2022-10-14 17:01:25,17,6.5
2022-10-14 17:06:21,17,10.0
2022-10-14 17:11:26,18,15.0
2022-10-14 17:16:22,18,40.0
2022-10-14 17:21:18,18,35.75
2022-10-14 17:26:18,18,41.25
2022-10-14 17:31:27,17,33.5
2022-10-14 17:36:17,17,16.75
2022-10-14 17:41:27,17,16.0
2022-10-14 17:46:21,17,12.25
2022-10-14 17:51:27,17,8.25
2022-10-14 17:56:22,17,8.25
2022-10-14 18:01:27,17,12.5
2022-10-14 18:06:19,17,9.75
2022-10-14 18:11:28,17,7.5
2022-10-14 18:16:22,17,9.0
2022-10-14 18:21:18,17,12.25
2022-10-14 18:26:22,17,8.5
2022-10-14 18:31:27,17,8.75
2022-10-14 18:36:18,17,10.25
2022-10-14 18:41:27,17,10.0
2022-10-14 18:46:19,17,15.0
2022-10-14 18:51:28,17,12.25
2022-10-14 18:56:22,17,9.0
2022-10-14 19:01:28,17,9.5
2022-10-14 19:06:22,17,10.0
2022-10-14 19:11:27,17,6.75
2022-10-14 19:16:22,17,8.25
2022-10-14 19:21:27,17,8.5
2022-10-14 19:26:22,17,11.75
2022-10-14 19:31:27,17,9.0
2022-10-14 19:36:18,17,7.75
2022-10-14 19:41:28,17,9.75
2022-10-14 19:46:19,17,10.5
2022-10-14 19:51:27,17,10.25
2022-10-14 19:56:22,17,7.75
2022-10-14 20:01:10,17,7.75
2022-10-14 20:06:27,17,6.5
2022-10-14 20:11:27,17,7.5
2022-10-14 20:16:27,17,7.5
2022-10-14 20:21:27,17,8.0
2022-10-14 20:26:19,17,5.75
2022-10-14 20:31:28,17,6.75
2022-10-14 20:36:18,17,7.25
2022-10-14 20:41:28,17,7.75
2022-10-14 20:46:21,17,9.25
2022-10-14 20:51:26,17,9.25
2022-10-14 20:56:21,17,8.0
2022-10-14 21:01:27,17,8.25
2022-10-14 21:06:18,17,10.25
2022-10-14 21:11:27,17,6.75
2022-10-14 21:16:21,17,7.0
2022-10-14 21:21:27,17,9.75
2022-10-14 21:26:22,17,7.25
2022-10-14 21:31:26,17,7.25
2022-10-14 21:36:17,17,5.5
2022-10-14 21:41:26,17,4.5
2022-10-14 21:46:17,18,9.5
2022-10-14 21:51:26,19,51.0
2022-10-14 21:56:21,19,74.75
2022-10-14 22:01:26,19,123.5
2022-10-14 22:06:21,19,208.75
2022-10-14 22:11:26,19,246.0
2022-10-14 22:16:20,19,221.75
2022-10-14 22:21:26,19,241.0
2022-10-14 22:26:21,19,207.25
2022-10-14 22:31:26,19,176.5
2022-10-14 22:36:17,19,159.0
2022-10-14 22:41:26,19,183.75
2022-10-14 22:46:21,19,292.75
2022-10-14 22:51:26,19,356.75
2022-10-14 22:56:21,19,336.25
2022-10-14 23:01:17,19,363.5
2022-10-14 23:06:17,19,315.5
2022-10-14 23:11:26,19,293.75
2022-10-14 23:16:21,19,215.75
2022-10-14 23:21:26,19,183.75
2022-10-14 23:26:17,19,172.0
2022-10-14 23:31:26,19,164.75
2022-10-14 23:36:17,19,149.75
2022-10-14 23:41:26,19,138.5
2022-10-14 23:46:21,19,173.75
2022-10-14 23:51:26,19,221.0
2022-10-14 23:56:20,19,220.75
2022-10-15 00:01:26,19,415.5
2022-10-15 00:06:17,19,301.75
2022-10-15 00:11:26,17,127.5
2022-10-15 00:16:17,17,52.75
2022-10-15 00:21:26,17,23.0
2022-10-15 00:26:20,17,16.25
2022-10-15 00:31:26,17,14.0
2022-10-15 00:36:26,17,11.25
2022-10-15 00:41:26,17,8.0
2022-10-15 00:46:26,17,7.0
2022-10-15 00:51:26,17,9.25
2022-10-15 00:56:26,17,9.75
2022-10-15 01:01:26,17,9.0
2022-10-15 01:06:26,17,7.0
2022-10-15 01:11:17,17,7.75
2022-10-15 01:16:26,17,11.25
2022-10-15 01:21:17,17,8.5
2022-10-15 01:26:26,17,6.5
2022-10-15 01:31:26,17,6.75
2022-10-15 01:36:17,17,5.0
2022-10-15 01:41:26,17,9.5
2022-10-15 01:46:26,17,10.25
2022-10-15 01:51:17,17,8.0
2022-10-15 01:56:17,17,8.5
2022-10-15 02:01:27,17,8.25
2022-10-15 02:06:27,17,12.25
2022-10-15 02:11:27,17,6.25
2022-10-15 02:16:27,17,5.75
2022-10-15 02:21:18,17,7.5
2022-10-15 02:26:27,17,9.25
2022-10-15 02:31:27,17,12.25
2022-10-15 02:36:17,17,9.0
2022-10-15 02:41:26,17,8.5
2022-10-15 02:46:27,17,9.75
2022-10-15 02:51:26,17,7.0
2022-10-15 02:56:26,17,9.5
2022-10-15 03:01:26,17,7.75
2022-10-15 03:06:17,17,6.75
2022-10-15 03:11:26,17,8.0
2022-10-15 03:16:09,17,8.0
2022-10-15 03:21:26,17,9.25
2022-10-15 03:26:26,17,8.25
2022-10-15 03:31:17,17,11.0
2022-10-15 03:36:26,17,9.25
2022-10-15 03:41:26,17,8.25
2022-10-15 03:46:26,17,16.75
2022-10-15 03:51:26,17,13.25
2022-10-15 03:56:17,17,10.5
2022-10-15 04:01:26,17,9.25
2022-10-15 04:06:17,17,9.5
2022-10-15 04:11:14,17,12.0
2022-10-15 04:16:17,17,7.75
2022-10-15 04:21:17,17,6.75
2022-10-15 04:26:26,17,10.0
2022-10-15 04:31:26,17,10.25
2022-10-15 04:36:17,17,9.25
2022-10-15 04:41:26,17,11.25
2022-10-15 04:46:26,17,10.5
2022-10-15 04:51:26,17,13.0
2022-10-15 04:56:17,17,10.0
2022-10-15 05:01:26,17,11.25
2022-10-15 05:06:17,17,9.5
2022-10-15 05:11:26,17,7.75
2022-10-15 05:16:26,17,5.5
2022-10-15 05:21:17,17,8.75
2022-10-15 05:26:27,17,9.0
2022-10-15 05:31:27,17,8.25
2022-10-15 05:36:18,17,7.5
2022-10-15 05:41:26,17,10.0
2022-10-15 05:46:27,17,8.5
2022-10-15 05:51:18,17,9.25
2022-10-15 05:56:26,17,7.25
2022-10-15 06:01:26,17,10.0
2022-10-15 06:06:26,17,6.75
2022-10-15 06:11:26,17,8.0
2022-10-15 06:16:21,17,11.25
2022-10-15 06:21:26,17,8.0
2022-10-15 06:26:20,17,7.0
2022-10-15 06:31:26,17,8.25
2022-10-15 06:36:17,17,11.5
2022-10-15 06:41:26,17,14.5
2022-10-15 06:46:20,17,9.25
2022-10-15 06:51:26,17,8.0
2022-10-15 06:56:17,17,7.0
2022-10-15 07:01:26,17,9.5
2022-10-15 07:06:17,17,13.25
2022-10-15 07:11:26,17,8.75
2022-10-15 07:16:20,17,8.25
2022-10-15 07:21:26,17,6.25
2022-10-15 07:26:20,17,8.0
2022-10-15 07:31:26,17,11.5
2022-10-15 07:36:17,17,8.5
2022-10-15 07:41:17,17,9.5
2022-10-15 07:46:20,17,7.25
2022-10-15 07:51:17,17,12.75
2022-10-15 07:56:20,17,8.75
2022-10-15 08:01:26,17,8.25
2022-10-15 08:06:20,17,9.0
2022-10-15 08:11:26,17,8.5
2022-10-15 08:16:16,17,7.0
2022-10-15 08:21:26,17,10.25
2022-10-15 08:26:20,17,7.0
2022-10-15 08:31:26,17,7.0
2022-10-15 08:36:17,17,8.0
2022-10-15 08:41:26,17,9.75
2022-10-15 08:46:17,17,12.0
2022-10-15 08:51:26,17,15.25
2022-10-15 08:56:20,17,10.25
2022-10-15 09:01:26,17,11.0
2022-10-15 09:06:20,17,10.0
2022-10-15 09:11:26,17,10.0
2022-10-15 09:16:20,17,10.5
2022-10-15 09:21:26,17,12.0
2022-10-15 09:26:17,17,9.0
2022-10-15 09:31:26,17,8.0
2022-10-15 09:36:20,17,15.0
2022-10-15 09:41:26,17,11.25
2022-10-15 09:46:20,17,9.5
2022-10-15 09:51:26,17,11.25
2022-10-15 09:56:21,17,10.5
2022-10-15 10:01:27,17,8.5
2022-10-15 10:06:18,17,10.5
2022-10-15 10:11:26,17,9.25
2022-10-15 10:16:20,17,9.0
2022-10-15 10:21:26,17,11.5
2022-10-15 10:26:20,17,9.0
2022-10-15 10:31:26,17,10.0
2022-10-15 10:36:20,17,6.5
2022-10-15 10:41:26,17,8.0
2022-10-15 10:46:20,17,7.5
2022-10-15 10:51:26,17,11.75
2022-10-15 10:56:20,17,9.75
2022-10-15 11:01:26,17,9.5
2022-10-15 11:06:17,17,7.5
2022-10-15 11:11:26,17,6.25
2022-10-15 11:16:20,18,9.0
2022-10-15 11:21:26,19,19.5
2022-10-15 11:26:20,19,56.0
2022-10-15 11:31:26,19,73.25
2022-10-15 11:36:17,19,99.5
2022-10-15 11:41:26,19,107.0
2022-10-15 11:46:17,20,111.75
2022-10-15 11:51:26,20,110.75
2022-10-15 11:56:26,20,45.75
2022-10-15 12:01:26,20,23.75
2022-10-15 12:06:26,20,14.75
2022-10-15 12:11:26,20,11.75
2022-10-15 12:16:26,20,9.25
2022-10-15 12:21:17,19,22.5
2022-10-15 12:26:26,19,11.5
2022-10-15 12:31:26,19,11.5
2022-10-15 12:36:17,19,10.25
2022-10-15 12:41:26,19,10.5
2022-10-15 12:46:26,19,9.25
2022-10-15 12:51:17,19,6.25
2022-10-15 12:56:26,19,9.0
2022-10-15 13:01:26,19,11.0
2022-10-15 13:06:26,19,10.25
2022-10-15 13:11:26,19,7.25
2022-10-15 13:16:26,19,7.5
2022-10-15 13:21:26,19,15.75
2022-10-15 13:26:26,19,10.5
2022-10-15 13:31:17,19,9.75
2022-10-15 13:36:26,19,8.5
2022-10-15 13:41:26,19,6.25
2022-10-15 13:46:26,19,11.25
2022-10-15 13:51:17,19,7.0
2022-10-15 13:56:26,19,9.5
2022-10-15 14:01:26,19,14.75
2022-10-15 14:06:26,19,11.25
2022-10-15 14:11:17,19,7.5
2022-10-15 14:16:26,19,10.0
2022-10-15 14:21:17,19,9.5
2022-10-15 14:26:26,19,8.25
2022-10-15 14:31:26,19,7.0
2022-10-15 14:36:17,19,12.25
2022-10-15 14:41:26,19,11.25
2022-10-15 14:46:26,19,10.5
2022-10-15 14:51:17,19,11.25
2022-10-15 14:56:26,20,8.0
2022-10-15 15:01:26,19,11.5
2022-10-15 15:06:26,19,10.5
2022-10-15 15:11:26,19,12.0
2022-10-15 15:16:26,19,10.25
2022-10-15 15:21:26,19,8.75
2022-10-15 15:26:26,19,10.75
2022-10-15 15:31:17,19,11.0
2022-10-15 15:36:26,19,9.75
2022-10-15 15:41:26,19,8.5
2022-10-15 15:46:26,19,7.75
2022-10-15 15:51:26,19,18.0
2022-10-15 15:56:17,19,13.0
2022-10-15 16:01:26,19,10.75
2022-10-15 16:06:17,19,10.75
2022-10-15 16:11:26,20,25.0
2022-10-15 16:16:26,21,46.25
2022-10-15 16:21:26,20,45.5
2022-10-15 16:26:26,20,45.25
2022-10-15 16:31:26,20,67.75
2022-10-15 16:36:17,20,61.0
2022-10-15 16:41:26,20,63.0
2022-10-15 16:46:26,20,46.0
2022-10-15 16:51:26,20,95.5
2022-10-15 16:56:17,20,82.25
2022-10-15 17:01:26,20,53.5
2022-10-15 17:06:17,19,31.25
2022-10-15 17:11:26,19,15.5
2022-10-15 17:16:26,19,12.0
2022-10-15 17:21:17,19,10.25
2022-10-15 17:26:19,19,9.75
2022-10-15 17:31:26,19,11.5
2022-10-15 17:36:17,19,10.75
2022-10-15 17:41:26,19,8.5
2022-10-15 17:46:19,19,10.0
2022-10-15 17:51:26,19,11.5
2022-10-15 17:56:19,19,9.75
2022-10-15 18:01:25,19,10.75
2022-10-15 18:06:17,19,10.5
2022-10-15 18:11:26,19,11.0
2022-10-15 18:16:17,19,9.25
2022-10-15 18:21:26,19,11.25
2022-10-15 18:26:19,19,9.75
2022-10-15 18:31:26,19,11.5
2022-10-15 18:36:19,19,10.5
2022-10-15 18:41:26,19,8.75
2022-10-15 18:46:19,19,11.0
2022-10-15 18:51:17,19,10.0
2022-10-15 18:56:19,19,10.0
2022-10-15 19:01:25,19,8.0
2022-10-15 19:06:16,19,7.0
2022-10-15 19:11:25,19,13.5
2022-10-15 19:16:19,19,10.25
2022-10-15 19:21:26,19,8.75
2022-10-15 19:26:19,19,8.75
2022-10-15 19:31:26,19,12.5
2022-10-15 19:36:17,19,10.5
2022-10-15 19:41:26,19,9.5
2022-10-15 19:46:19,20,23.75
2022-10-15 19:51:26,20,55.0
2022-10-15 19:56:19,20,68.0
2022-10-15 20:01:26,20,51.75
2022-10-15 20:06:17,20,40.25
2022-10-15 20:11:26,20,80.25
2022-10-15 20:16:19,20,104.75
2022-10-15 20:21:26,20,108.5
2022-10-15 20:26:19,20,109.5
2022-10-15 20:31:26,20,85.25
2022-10-15 20:36:17,20,98.75
2022-10-15 20:41:26,20,110.75
2022-10-15 20:46:19,20,108.75
2022-10-15 20:51:27,20,103.25
2022-10-15 20:56:20,20,85.25
2022-10-15 21:01:26,20,53.5
2022-10-15 21:06:17,19,29.25
2022-10-15 21:11:26,19,16.75
2022-10-15 21:16:17,19,12.25
2022-10-15 21:21:26,19,15.25
2022-10-15 21:26:17,19,11.25
2022-10-15 21:31:26,19,11.75
2022-10-15 21:36:17,19,10.25
2022-10-15 21:41:26,19,10.5
2022-10-15 21:46:19,19,10.0
2022-10-15 21:51:26,19,7.25
2022-10-15 21:56:19,19,7.5
2022-10-15 22:01:26,19,8.5
2022-10-15 22:06:17,19,8.5
2022-10-15 22:11:26,19,11.75
2022-10-15 22:16:19,19,10.25
2022-10-15 22:21:26,19,9.25
2022-10-15 22:26:19,19,9.0
2022-10-15 22:31:26,19,9.25
2022-10-15 22:36:17,19,10.75
2022-10-15 22:41:25,19,7.75
2022-10-15 22:46:19,19,12.5
2022-10-15 22:51:28,19,10.25
2022-10-15 22:56:20,19,6.75
2022-10-15 23:01:26,19,8.25
2022-10-15 23:06:17,19,11.0
2022-10-15 23:11:26,19,7.75
2022-10-15 23:16:20,19,7.5
2022-10-15 23:21:26,19,6.75
2022-10-15 23:26:19,20,17.25
2022-10-15 23:31:26,19,24.25
2022-10-15 23:36:17,19,16.25
2022-10-15 23:41:26,19,13.25
2022-10-15 23:46:17,19,9.75
2022-10-15 23:51:26,19,11.0
2022-10-15 23:56:26,19,8.5
2022-10-16 00:01:26,19,12.5
2022-10-16 00:06:27,19,8.75
2022-10-16 00:11:26,19,8.75
2022-10-16 00:16:26,19,8.75
2022-10-16 00:21:17,19,10.75
2022-10-16 00:26:26,19,7.75
2022-10-16 00:31:27,19,7.75
2022-10-16 00:36:16,19,10.0
2022-10-16 00:41:25,19,10.25
2022-10-16 00:46:25,19,8.0
2022-10-16 00:51:25,19,8.25
2022-10-16 00:56:25,19,10.5
2022-10-16 01:01:25,19,12.0
2022-10-16 01:06:25,19,10.25
2022-10-16 01:11:25,19,9.75
2022-10-16 01:16:16,19,9.75
2022-10-16 01:21:26,19,9.5
2022-10-16 01:26:26,19,8.75
2022-10-16 01:31:25,19,11.75
2022-10-16 01:36:25,19,10.75
2022-10-16 01:41:26,19,10.0
2022-10-16 01:46:25,19,10.25
2022-10-16 01:51:16,19,8.75
2022-10-16 01:56:25,19,10.0
2022-10-16 02:01:25,19,8.5
2022-10-16 02:06:16,19,9.25
2022-10-16 02:11:25,19,10.75
2022-10-16 02:16:25,19,10.25
2022-10-16 02:21:26,19,8.75
2022-10-16 02:26:26,19,8.0
2022-10-16 02:31:25,19,11.5
2022-10-16 02:36:16,19,8.25
2022-10-16 02:41:26,19,9.0
2022-10-16 02:46:16,19,11.0
2022-10-16 02:51:25,19,9.25
2022-10-16 02:56:25,19,6.75
2022-10-16 03:01:25,19,9.25
2022-10-16 03:06:26,19,8.5
2022-10-16 03:11:26,19,12.0
2022-10-16 03:16:26,19,8.0
2022-10-16 03:21:26,19,9.5
2022-10-16 03:26:17,19,11.0
2022-10-16 03:31:25,19,14.0
2022-10-16 03:36:18,19,11.5
2022-10-16 03:41:25,19,7.75
2022-10-16 03:46:18,19,10.5
2022-10-16 03:51:26,19,11.25
2022-10-16 03:56:18,19,8.25
2022-10-16 04:01:26,19,8.75
2022-10-16 04:06:16,19,11.5
2022-10-16 04:11:16,19,10.5
2022-10-16 04:16:25,19,7.25
2022-10-16 04:21:17,19,8.75
2022-10-16 04:26:25,19,13.75
2022-10-16 04:31:25,19,9.25
2022-10-16 04:36:25,19,10.25
2022-10-16 04:41:25,19,11.0
2022-10-16 04:46:26,19,9.25
2022-10-16 04:51:16,19,9.25
2022-10-16 04:56:26,19,7.75
2022-10-16 05:01:26,19,9.25
2022-10-16 05:06:25,19,10.25
2022-10-16 05:11:26,19,8.75
2022-10-16 05:16:26,19,11.0
2022-10-16 05:21:17,19,8.0
2022-10-16 05:26:25,19,10.5
2022-10-16 05:31:16,19,8.5
2022-10-16 05:36:25,19,8.75
2022-10-16 05:41:25,19,10.5
2022-10-16 05:46:25,19,11.0
2022-10-16 05:51:25,19,9.0
2022-10-16 05:56:26,19,8.0
2022-10-16 06:01:26,19,11.25
2022-10-16 06:06:26,19,13.75
2022-10-16 06:11:16,19,10.75
2022-10-16 06:16:26,19,8.25
2022-10-16 06:21:16,19,9.25
2022-10-16 06:26:26,19,6.5
2022-10-16 06:31:25,19,8.5
2022-10-16 06:36:26,19,9.25
2022-10-16 06:41:25,19,12.75
2022-10-16 06:46:25,19,10.5
2022-10-16 06:51:17,19,13.0
2022-10-16 06:56:17,19,11.0
2022-10-16 07:01:26,19,9.0
2022-10-16 07:06:16,19,8.25
2022-10-16 07:11:26,19,10.25
2022-10-16 07:16:18,19,10.0
2022-10-16 07:21:16,19,9.75
2022-10-16 07:26:18,19,8.75
2022-10-16 07:31:25,19,7.25
2022-10-16 07:36:17,19,11.25
2022-10-16 07:41:26,19,9.5
2022-10-16 07:46:18,19,10.0
2022-10-16 07:51:16,19,7.5
2022-10-16 07:56:18,19,9.0
2022-10-16 08:01:17,19,13.25
2022-10-16 08:06:16,19,10.75
2022-10-16 08:11:25,19,12.25
2022-10-16 08:16:18,19,8.5
2022-10-16 08:21:17,19,10.5
2022-10-16 08:26:18,19,10.75
2022-10-16 08:31:25,19,10.75
2022-10-16 08:36:16,19,9.0
2022-10-16 08:41:26,19,8.25
2022-10-16 08:46:18,19,8.5
2022-10-16 08:51:16,19,7.75
2022-10-16 08:56:18,19,9.0
2022-10-16 09:01:16,19,8.25
2022-10-16 09:06:16,19,10.0
2022-10-16 09:11:25,19,7.5
2022-10-16 09:16:18,19,8.0
2022-10-16 09:21:16,19,8.75
2022-10-16 09:26:18,19,11.0
2022-10-16 09:31:25,19,8.75
2022-10-16 09:36:16,19,8.75
2022-10-16 09:41:16,19,7.0
2022-10-16 09:46:18,19,7.75
2022-10-16 09:51:16,19,9.75
2022-10-16 09:56:18,19,8.75
2022-10-16 10:01:25,19,10.5
2022-10-16 10:06:18,19,8.25
2022-10-16 10:11:25,19,10.75
2022-10-16 10:16:18,19,12.0
2022-10-16 10:21:16,19,9.0
2022-10-16 10:26:18,19,7.75
2022-10-16 10:31:25,19,9.0
2022-10-16 10:36:16,19,11.25
2022-10-16 10:41:25,19,9.5
2022-10-16 10:46:18,19,8.5
2022-10-16 10:51:16,19,8.5
2022-10-16 10:56:18,19,10.0
2022-10-16 11:01:25,19,9.75
2022-10-16 11:06:16,19,10.5
2022-10-16 11:11:25,19,13.75
2022-10-16 11:16:18,19,7.5
2022-10-16 11:21:16,19,8.0
2022-10-16 11:26:16,19,8.5
2022-10-16 11:31:25,19,8.75
2022-10-16 11:36:16,19,9.75
2022-10-16 11:41:25,19,8.75
2022-10-16 11:46:17,19,8.25
2022-10-16 11:51:16,19,11.0
2022-10-16 11:56:18,19,9.25
2022-10-16 12:01:09,19,9.5
2022-10-16 12:06:16,19,7.0
2022-10-16 12:11:25,19,10.75
2022-10-16 12:16:25,19,8.5
2022-10-16 12:21:16,19,8.25
2022-10-16 12:26:25,19,7.25
2022-10-16 12:31:16,19,11.75
2022-10-16 12:36:25,19,8.25
2022-10-16 12:41:25,19,8.25
2022-10-16 12:46:25,19,10.75
2022-10-16 12:51:25,19,9.0
2022-10-16 12:56:25,19,6.75
2022-10-16 13:01:25,19,7.25
2022-10-16 13:06:25,19,5.75
2022-10-16 13:11:16,19,9.5
2022-10-16 13:16:16,19,9.75
2022-10-16 13:21:16,19,10.5
2022-10-16 13:26:25,19,8.5
2022-10-16 13:31:25,19,8.75
2022-10-16 13:36:25,19,10.5
2022-10-16 13:41:25,19,10.0
2022-10-16 13:46:25,19,9.75
2022-10-16 13:51:16,19,9.0
2022-10-16 13:56:16,19,7.25
2022-10-16 14:01:25,19,10.0
2022-10-16 14:06:16,19,12.0
2022-10-16 14:11:25,19,9.75
2022-10-16 14:16:25,19,12.0
2022-10-16 14:21:16,19,8.25
2022-10-16 14:26:25,19,13.5
2022-10-16 14:31:25,19,11.5
2022-10-16 14:36:16,19,10.75
2022-10-16 14:41:25,19,9.75
2022-10-16 14:46:25,19,12.0
2022-10-16 14:51:25,19,10.25
2022-10-16 14:56:25,19,8.25
2022-10-16 15:01:25,20,17.75
2022-10-16 15:06:25,19,39.75
2022-10-16 15:11:25,19,20.25
2022-10-16 15:16:16,19,12.75
2022-10-16 15:21:25,19,9.25
2022-10-16 15:26:25,19,6.75
2022-10-16 15:31:25,19,9.75
2022-10-16 15:36:25,19,8.0
2022-10-16 15:41:25,19,9.0
2022-10-16 15:46:25,19,9.25
2022-10-16 15:51:16,19,9.25
2022-10-16 15:56:16,19,8.75
2022-10-16 16:01:25,19,8.25
2022-10-16 16:06:16,19,10.5
2022-10-16 16:11:25,19,11.0
2022-10-16 16:16:25,19,8.5
2022-10-16 16:21:16,19,8.0
2022-10-16 16:26:25,19,12.0
2022-10-16 16:31:25,19,12.25
2022-10-16 16:36:25,19,10.25
2022-10-16 16:41:25,19,8.25
2022-10-16 16:46:25,19,10.0
2022-10-16 16:51:16,19,8.75
2022-10-16 16:56:25,19,8.25
2022-10-16 17:01:16,19,9.25
2022-10-16 17:06:25,19,9.0
2022-10-16 17:11:25,19,8.5
2022-10-16 17:16:25,19,9.0
2022-10-16 17:21:25,19,7.75
2022-10-16 17:26:25,19,8.25
2022-10-16 17:31:25,19,10.5
2022-10-16 17:36:16,19,8.75
2022-10-16 17:41:16,19,8.25
2022-10-16 17:46:25,19,9.25
2022-10-16 17:51:16,19,11.0
2022-10-16 17:56:25,19,11.0
2022-10-16 18:01:25,19,7.5
2022-10-16 18:06:25,20,15.5
2022-10-16 18:11:25,20,33.5
2022-10-16 18:16:25,19,28.5
2022-10-16 18:21:16,19,15.75
2022-10-16 18:26:25,19,12.0
2022-10-16 18:31:25,20,15.75
2022-10-16 18:36:25,20,29.0
2022-10-16 18:41:17,20,46.0
2022-10-16 18:46:27,20,54.25
2022-10-16 18:51:17,19,29.75
2022-10-16 18:56:27,19,18.0
2022-10-16 19:01:26,19,13.5
2022-10-16 19:06:26,19,10.75
2022-10-16 19:11:25,19,9.5
2022-10-16 19:16:25,19,8.25
2022-10-16 19:21:16,19,9.5
2022-10-16 19:26:25,19,9.5
2022-10-16 19:31:25,19,8.5
2022-10-16 19:36:25,19,7.25
2022-10-16 19:41:25,19,11.75
2022-10-16 19:46:25,19,9.0
2022-10-16 19:51:16,19,12.25
2022-10-16 19:56:25,19,9.5
2022-10-16 20:01:16,19,8.5
2022-10-16 20:06:16,19,9.0
2022-10-16 20:11:25,19,10.25
2022-10-16 20:16:25,19,9.75
2022-10-16 20:21:16,19,8.25
2022-10-16 20:26:25,19,9.25
2022-10-16 20:31:25,19,8.25
2022-10-16 20:36:16,19,11.75
2022-10-16 20:41:25,19,10.25
2022-10-16 20:46:16,19,10.25
2022-10-16 20:51:25,19,9.25
2022-10-16 20:56:25,19,9.75
2022-10-16 21:01:25,19,8.5
2022-10-16 21:06:16,19,12.5
2022-10-16 21:11:25,19,10.0
2022-10-16 21:16:25,19,10.5
2022-10-16 21:21:16,19,10.25
2022-10-16 21:26:16,19,8.75
2022-10-16 21:31:25,19,9.75
2022-10-16 21:36:16,19,9.75
2022-10-16 21:41:25,19,9.25
2022-10-16 21:46:25,19,8.75
2022-10-16 21:51:16,19,11.5
2022-10-16 21:56:25,19,12.0
2022-10-16 22:01:25,19,7.0
2022-10-16 22:06:25,19,9.75
2022-10-16 22:11:25,19,10.25
2022-10-16 22:16:25,19,14.0
2022-10-16 22:21:16,19,11.75
2022-10-16 22:26:16,19,10.75
2022-10-16 22:31:25,19,9.25
2022-10-16 22:36:16,19,9.75
2022-10-16 22:41:25,19,7.5
2022-10-16 22:46:25,19,8.0
2022-10-16 22:51:16,19,9.0
2022-10-16 22:56:25,19,8.5
2022-10-16 23:01:25,19,7.75
2022-10-16 23:06:16,19,6.75
2022-10-16 23:11:25,19,9.0
2022-10-16 23:16:25,19,11.5
2022-10-16 23:21:16,19,9.75
2022-10-16 23:26:25,19,6.5
2022-10-16 23:31:25,19,7.75
2022-10-16 23:36:16,19,10.5
2022-10-16 23:41:25,19,10.75
2022-10-16 23:46:16,19,10.0
2022-10-16 23:51:26,19,9.5
2022-10-16 23:56:25,19,6.25
2022-10-17 00:01:25,19,13.25
2022-10-17 00:06:25,19,8.25
2022-10-17 00:11:25,19,7.75
2022-10-17 00:16:17,19,11.0
2022-10-17 00:21:25,19,9.75
2022-10-17 00:26:17,19,11.0
2022-10-17 00:31:25,19,8.5
2022-10-17 00:36:16,19,10.75
2022-10-17 00:41:25,19,8.5
2022-10-17 00:46:17,19,7.75
2022-10-17 00:51:25,19,11.5
2022-10-17 00:56:17,19,8.5
2022-10-17 01:01:25,19,8.0
2022-10-17 01:06:16,19,7.25
2022-10-17 01:11:25,19,9.75
2022-10-17 01:16:17,20,22.0
2022-10-17 01:21:25,20,32.75
2022-10-17 01:26:17,19,22.25
2022-10-17 01:31:16,19,16.0
2022-10-17 01:36:16,19,11.25
2022-10-17 01:41:25,19,11.5
2022-10-17 01:46:17,19,10.0
2022-10-17 01:51:26,19,12.75
2022-10-17 01:56:17,19,9.5
2022-10-17 02:01:25,19,8.25
2022-10-17 02:06:17,19,8.5
2022-10-17 02:11:18,19,8.5
2022-10-17 02:16:17,19,8.0
2022-10-17 02:21:17,19,8.25
2022-10-17 02:26:18,19,7.0
2022-10-17 02:31:25,19,9.5
2022-10-17 02:36:17,19,10.0
2022-10-17 02:41:25,19,10.5
2022-10-17 02:46:17,19,9.0
2022-10-17 02:51:16,19,7.75
2022-10-17 02:56:16,19,9.0
2022-10-17 03:01:26,19,10.5
2022-10-17 03:06:16,19,9.75
2022-10-17 03:11:25,19,7.5
2022-10-17 03:16:16,19,10.25
2022-10-17 03:21:25,19,7.25
2022-10-17 03:26:16,19,11.25
2022-10-17 03:31:24,19,9.75
2022-10-17 03:36:15,19,10.5
2022-10-17 03:41:25,19,9.75
2022-10-17 03:46:16,19,9.75
2022-10-17 03:51:16,19,7.75
2022-10-17 03:56:16,19,7.5
2022-10-17 04:01:25,19,7.25
2022-10-17 04:06:15,19,10.75
2022-10-17 04:11:24,19,12.0
2022-10-17 04:16:16,19,8.5
2022-10-17 04:21:24,19,9.75
2022-10-17 04:26:16,19,10.25
2022-10-17 04:31:24,19,8.75
2022-10-17 04:36:15,19,8.75
2022-10-17 04:41:15,19,10.0
2022-10-17 04:46:15,19,11.0
2022-10-17 04:51:15,19,10.5
2022-10-17 04:56:15,19,8.25
2022-10-17 05:01:24,19,9.75
2022-10-17 05:06:15,19,9.75
2022-10-17 05:11:25,19,7.75
2022-10-17 05:16:16,20,25.0
2022-10-17 05:21:16,19,20.75
2022-10-17 05:26:16,19,14.5
2022-10-17 05:31:24,19,12.0
2022-10-17 05:36:15,19,9.25
2022-10-17 05:41:24,19,7.5
2022-10-17 05:46:16,19,7.75
2022-10-17 05:51:24,19,10.25
2022-10-17 05:56:15,19,8.5
2022-10-17 06:01:24,19,9.25
2022-10-17 06:06:15,19,9.5
2022-10-17 06:11:24,19,9.5
2022-10-17 06:16:15,19,9.25
2022-10-17 06:21:24,19,8.5
2022-10-17 06:26:15,19,11.0
2022-10-17 06:31:24,19,10.5
2022-10-17 06:36:15,19,8.75
2022-10-17 06:41:24,19,9.75
2022-10-17 06:46:15,19,11.0
2022-10-17 06:51:24,19,7.5
2022-10-17 06:56:15,19,9.25
2022-10-17 07:01:24,19,11.25
2022-10-17 07:06:15,19,11.75
2022-10-17 07:11:24,19,8.5
2022-10-17 07:16:15,19,8.75
2022-10-17 07:21:24,19,12.5
2022-10-17 07:26:15,19,8.0
2022-10-17 07:31:15,19,10.0
2022-10-17 07:36:15,19,12.0
2022-10-17 07:41:24,19,10.5
2022-10-17 07:46:24,19,10.5
2022-10-17 07:51:15,19,9.25
2022-10-17 07:56:24,19,11.5
2022-10-17 08:01:24,19,10.0
2022-10-17 08:06:15,19,8.75
2022-10-17 08:11:15,19,9.5
2022-10-17 08:16:24,19,8.25
2022-10-17 08:21:15,19,9.25
2022-10-17 08:26:24,19,9.5
2022-10-17 08:31:24,19,7.75
2022-10-17 08:36:16,19,9.25
2022-10-17 08:41:25,19,10.75
2022-10-17 08:46:25,19,11.25
2022-10-17 08:51:16,19,7.5
2022-10-17 08:56:25,19,10.5
2022-10-17 09:01:25,19,11.5
2022-10-17 09:06:25,19,7.75
2022-10-17 09:11:25,19,9.75
2022-10-17 09:16:25,19,10.5
2022-10-17 09:21:16,19,9.75
2022-10-17 09:26:25,19,9.5
2022-10-17 09:31:16,19,5.5
2022-10-17 09:36:25,19,7.25
2022-10-17 09:41:25,19,8.75
2022-10-17 09:46:25,19,9.0
2022-10-17 09:51:16,19,8.75
2022-10-17 09:56:16,19,9.0
2022-10-17 10:01:25,19,9.75
2022-10-17 10:06:16,19,10.25
2022-10-17 10:11:25,19,10.0
2022-10-17 10:16:25,19,12.25
2022-10-17 10:21:16,19,10.0
2022-10-17 10:26:25,19,10.25
2022-10-17 10:31:25,19,8.75
2022-10-17 10:36:25,19,8.75
2022-10-17 10:41:25,19,7.75
2022-10-17 10:46:25,19,8.75
2022-10-17 10:51:25,19,12.75
2022-10-17 10:56:25,19,11.25
2022-10-17 11:01:16,19,9.0
2022-10-17 11:06:25,19,7.75
2022-10-17 11:11:25,19,8.5
2022-10-17 11:16:25,19,10.5
2022-10-17 11:21:25,19,8.5
2022-10-17 11:26:25,19,8.75
2022-10-17 11:31:25,19,10.0
2022-10-17 11:36:16,19,8.75
2022-10-17 11:41:16,20,15.0
2022-10-17 11:46:27,20,50.5
2022-10-17 11:51:17,20,80.0
2022-10-17 11:56:25,19,44.5
2022-10-17 12:01:25,19,22.5
2022-10-17 12:06:25,19,18.25
2022-10-17 12:11:25,19,11.25
2022-10-17 12:16:25,19,8.75
2022-10-17 12:21:17,19,6.0
2022-10-17 12:26:25,19,9.25
2022-10-17 12:31:25,19,8.5
2022-10-17 12:36:16,19,7.5
2022-10-17 12:41:25,19,7.0
2022-10-17 12:46:16,19,9.0
2022-10-17 12:51:25,19,9.5
2022-10-17 12:56:25,19,12.5
2022-10-17 13:01:25,19,9.25
2022-10-17 13:06:25,19,10.25
2022-10-17 13:11:25,19,10.0
2022-10-17 13:16:25,19,12.25
2022-10-17 13:21:25,19,11.25
2022-10-17 13:26:25,19,8.5
2022-10-17 13:31:25,19,8.0
2022-10-17 13:36:25,19,9.25
2022-10-17 13:41:16,19,9.5
2022-10-17 13:46:25,19,11.0
2022-10-17 13:51:16,19,6.5
2022-10-17 13:56:25,19,10.75
2022-10-17 14:01:25,19,10.5
2022-10-17 14:06:25,19,9.25
2022-10-17 14:11:25,19,10.25
2022-10-17 14:16:26,19,8.5
2022-10-17 14:21:17,19,10.5
2022-10-17 14:26:26,19,9.75
2022-10-17 14:31:16,19,10.0
2022-10-17 14:36:26,19,11.5
2022-10-17 14:41:25,19,11.25
2022-10-17 14:46:25,19,9.0
2022-10-17 14:51:25,19,8.5
2022-10-17 14:56:25,19,8.25
2022-10-17 15:01:25,19,10.75
2022-10-17 15:06:25,19,9.0
2022-10-17 15:11:16,19,9.0
2022-10-17 15:16:25,19,6.5
2022-10-17 15:21:16,19,10.75
2022-10-17 15:26:25,19,11.25
2022-10-17 15:31:25,19,9.0
2022-10-17 15:36:16,19,9.0
2022-10-17 15:41:25,19,8.5
2022-10-17 15:46:25,19,9.0
2022-10-17 15:51:16,19,10.75
2022-10-17 15:56:25,19,9.75
2022-10-17 16:01:25,19,6.5
2022-10-17 16:06:25,19,8.0
2022-10-17 16:11:16,19,7.25
2022-10-17 16:16:25,19,10.25
2022-10-17 16:21:16,19,8.5
2022-10-17 16:26:25,19,7.25
2022-10-17 16:31:25,19,7.75
2022-10-17 16:36:16,19,9.25
2022-10-17 16:41:25,19,11.5
2022-10-17 16:46:25,19,7.75
2022-10-17 16:51:16,19,10.0
2022-10-17 16:56:25,19,11.75
2022-10-17 17:01:25,19,10.25
2022-10-17 17:06:16,19,11.5
2022-10-17 17:11:25,19,8.5
2022-10-17 17:16:16,19,9.25
2022-10-17 17:21:25,19,11.25
2022-10-17 17:26:25,19,9.5
2022-10-17 17:31:25,19,11.25
2022-10-17 17:36:25,19,9.5
2022-10-17 17:41:25,19,9.25
2022-10-17 17:46:25,19,10.0
2022-10-17 17:51:25,19,11.5
2022-10-17 17:56:25,19,9.25
2022-10-17 18:01:25,19,10.75
2022-10-17 18:06:25,19,8.75
2022-10-17 18:11:25,19,10.5
2022-10-17 18:16:25,19,8.75
2022-10-17 18:21:16,19,9.25
2022-10-17 18:26:25,19,7.75
2022-10-17 18:31:25,19,10.0
2022-10-17 18:36:25,19,9.5
2022-10-17 18:41:25,19,8.5
2022-10-17 18:46:25,19,10.25
2022-10-17 18:51:16,19,9.5
2022-10-17 18:56:16,19,10.5
2022-10-17 19:01:25,19,10.25
2022-10-17 19:06:16,19,8.0
2022-10-17 19:11:25,19,8.75
2022-10-17 19:16:25,19,9.75
2022-10-17 19:21:16,19,9.0
2022-10-17 19:26:25,19,13.25
2022-10-17 19:31:25,19,9.5
2022-10-17 19:36:25,19,10.75
2022-10-17 19:41:25,19,6.75
2022-10-17 19:46:25,19,9.75
2022-10-17 19:51:16,19,8.25
2022-10-17 19:56:16,19,8.5
2022-10-17 20:01:25,19,8.25
2022-10-17 20:06:16,19,7.25
2022-10-17 20:11:25,19,7.5
2022-10-17 20:16:25,19,8.0
2022-10-17 20:21:16,19,7.75
2022-10-17 20:26:25,19,8.0
2022-10-17 20:31:25,19,11.75
2022-10-17 20:36:16,19,9.0
2022-10-17 20:41:16,19,10.0
2022-10-17 20:46:25,19,9.0
2022-10-17 20:51:16,19,10.5
2022-10-17 20:56:25,19,8.5
2022-10-17 21:01:25,19,9.0
2022-10-17 21:06:25,19,6.75
2022-10-17 21:11:25,19,8.25
2022-10-17 21:16:26,19,10.25
2022-10-17 21:21:16,19,11.5
2022-10-17 21:26:25,19,9.0
2022-10-17 21:31:25,19,9.0
2022-10-17 21:36:26,19,9.0
2022-10-17 21:41:27,19,12.0
2022-10-17 21:46:25,19,9.5
2022-10-17 21:51:26,19,8.25
2022-10-17 21:56:27,19,7.75
2022-10-17 22:01:19,19,11.0
2022-10-17 22:06:27,19,10.25
2022-10-17 22:11:27,19,9.25
2022-10-17 22:16:27,19,10.0
2022-10-17 22:21:16,19,10.0
2022-10-17 22:26:27,19,7.25
2022-10-17 22:31:26,19,9.25
2022-10-17 22:36:17,19,8.75
2022-10-17 22:41:26,19,9.0
2022-10-17 22:46:26,19,8.0
2022-10-17 22:51:16,19,8.75
2022-10-17 22:56:25,19,12.25
2022-10-17 23:01:27,19,9.75
2022-10-17 23:06:16,19,10.5
2022-10-17 23:11:25,19,8.0
2022-10-17 23:16:25,19,8.75
2022-10-17 23:21:25,19,11.75
2022-10-17 23:26:25,19,9.25
2022-10-17 23:31:25,19,6.75
2022-10-17 23:36:26,19,8.25
2022-10-17 23:41:26,19,6.5
2022-10-17 23:46:17,19,12.5
2022-10-17 23:51:26,19,10.0
2022-10-17 23:56:15,19,10.75
2022-10-18 00:01:25,19,7.5
2022-10-18 00:06:15,19,7.0
2022-10-18 00:11:26,19,8.25
2022-10-18 00:16:15,19,10.75
2022-10-18 00:21:26,19,10.0
2022-10-18 00:26:15,19,8.75
2022-10-18 00:31:25,19,9.25
2022-10-18 00:36:15,19,11.5
2022-10-18 00:41:25,19,9.0
2022-10-18 00:46:15,19,9.25
2022-10-18 00:51:25,19,8.5
2022-10-18 00:56:15,19,7.75
2022-10-18 01:01:25,19,10.0
2022-10-18 01:06:15,19,8.5
2022-10-18 01:11:25,19,10.0
2022-10-18 01:16:15,19,9.0
2022-10-18 01:21:25,19,12.25
2022-10-18 01:26:15,19,11.75
2022-10-18 01:31:25,19,8.75
2022-10-18 01:36:15,19,7.75
2022-10-18 01:41:25,19,12.75
2022-10-18 01:46:15,19,11.0
2022-10-18 01:51:25,19,11.0
2022-10-18 01:56:15,19,8.25
2022-10-18 02:01:25,19,8.25
2022-10-18 02:06:15,19,10.75
2022-10-18 02:11:25,19,9.5
2022-10-18 02:16:15,19,11.0
2022-10-18 02:21:25,19,12.0
2022-10-18 02:26:15,19,12.25
2022-10-18 02:31:25,19,12.0
2022-10-18 02:36:16,19,10.5
2022-10-18 02:41:25,19,8.5
2022-10-18 02:46:18,19,8.75
2022-10-18 02:51:19,19,11.5
2022-10-18 02:56:25,19,10.5
2022-10-18 03:01:25,19,8.5
2022-10-18 03:06:16,19,10.0
2022-10-18 03:11:25,19,10.75
2022-10-18 03:16:25,19,7.75
2022-10-18 03:21:25,19,7.25
2022-10-18 03:26:25,19,9.25
2022-10-18 03:31:25,19,10.75
2022-10-18 03:36:16,19,8.5
2022-10-18 03:41:25,19,9.5
2022-10-18 03:46:16,19,11.75
2022-10-18 03:51:18,19,10.0
2022-10-18 03:56:25,19,10.5
2022-10-18 04:01:25,19,9.25
2022-10-18 04:06:25,20,27.25
2022-10-18 04:11:26,19,17.25
2022-10-18 04:16:26,19,13.25
2022-10-18 04:21:16,19,13.0
2022-10-18 04:26:16,19,10.25
2022-10-18 04:31:25,19,11.75
2022-10-18 04:36:16,19,9.5
2022-10-18 04:41:25,19,10.25
2022-10-18 04:46:25,19,10.5
2022-10-18 04:51:16,19,11.25
2022-10-18 04:56:25,19,9.5
2022-10-18 05:01:26,19,11.5
2022-10-18 05:06:16,19,8.25
2022-10-18 05:11:16,19,9.0
2022-10-18 05:16:26,19,8.75
2022-10-18 05:21:16,19,10.5
2022-10-18 05:26:26,19,8.75
2022-10-18 05:31:25,19,7.25
2022-10-18 05:36:16,19,11.5
2022-10-18 05:41:26,19,9.5
2022-10-18 05:46:26,19,10.75
2022-10-18 05:51:17,19,8.25
2022-10-18 05:56:26,19,10.0
2022-10-18 06:01:26,19,9.75
2022-10-18 06:06:26,19,10.0
2022-10-18 06:11:26,19,7.75
2022-10-18 06:16:26,19,9.0
2022-10-18 06:21:17,19,8.25
2022-10-18 06:26:26,19,11.5
2022-10-18 06:31:26,19,9.0
2022-10-18 06:36:17,19,11.25
2022-10-18 06:41:26,19,10.5
2022-10-18 06:46:25,19,8.75
2022-10-18 06:51:16,19,10.25
2022-10-18 06:56:16,19,8.75
2022-10-18 07:01:25,19,9.5
2022-10-18 07:06:16,19,6.75
2022-10-18 07:11:25,19,7.0
2022-10-18 07:16:25,19,8.75
2022-10-18 07:21:16,19,11.5
2022-10-18 07:26:25,19,10.25
2022-10-18 07:31:26,19,8.75
2022-10-18 07:36:17,19,8.75
2022-10-18 07:41:26,19,10.75
2022-10-18 07:46:25,19,12.0
2022-10-18 07:51:25,19,10.0
2022-10-18 07:56:25,19,10.5
2022-10-18 08:01:16,19,8.0
2022-10-18 08:06:25,19,9.0
2022-10-18 08:11:25,19,8.25
2022-10-18 08:16:25,19,10.0
2022-10-18 08:21:25,19,11.25
2022-10-18 08:26:25,19,8.75
2022-10-18 08:31:25,19,11.0
2022-10-18 08:36:16,19,11.75
2022-10-18 08:41:25,19,8.5
2022-10-18 08:46:25,19,12.0
2022-10-18 08:51:24,19,9.75
2022-10-18 08:56:25,19,10.0
2022-10-18 09:01:16,19,8.0
2022-10-18 09:06:25,19,9.0
2022-10-18 09:11:25,19,10.75
2022-10-18 09:16:14,19,8.25
2022-10-18 09:21:25,19,9.5
2022-10-18 09:26:25,19,11.25
2022-10-18 09:31:25,19,11.0
2022-10-18 09:36:25,19,10.75
2022-10-18 09:41:15,19,10.5
2022-10-18 09:46:15,19,11.75
2022-10-18 09:51:16,19,11.5
2022-10-18 09:56:25,19,12.25
2022-10-18 10:01:25,19,10.75
2022-10-18 10:06:25,19,8.75
2022-10-18 10:11:25,19,10.5
2022-10-18 10:16:25,19,9.75
2022-10-18 10:21:15,19,14.25
2022-10-18 10:38:20,19,12.0
2022-10-18 10:41:20,19,11.25
2022-10-18 10:46:20,19,10.25
2022-10-18 10:51:10,19,8.75
2022-10-18 10:56:20,19,10.25
2022-10-18 11:01:20,19,11.25
2022-10-18 11:06:10,19,11.25
2022-10-18 11:11:20,19,10.75
2022-10-18 11:16:19,19,10.25
2022-10-18 11:21:20,19,11.5
2022-10-18 11:26:20,19,13.5
2022-10-18 11:31:10,19,9.5
2022-10-18 11:36:20,19,11.25
2022-10-18 11:41:20,19,9.0
2022-10-18 11:46:10,19,11.25
2022-10-18 11:51:20,19,10.75
2022-10-18 11:56:20,19,8.75
2022-10-18 12:01:20,20,19.0
2022-10-18 12:06:20,20,29.0
2022-10-18 12:11:11,20,59.0
2022-10-18 12:16:20,20,87.75
2022-10-18 12:21:10,19,57.25
2022-10-18 12:26:20,19,26.0
2022-10-18 12:31:20,19,16.25
2022-10-18 12:36:20,19,11.0
2022-10-18 12:41:20,19,10.75
2022-10-18 12:46:19,19,9.0
2022-10-18 12:51:10,19,9.0
2022-10-18 12:56:20,19,9.5
2022-10-18 13:01:20,19,9.25
2022-10-18 13:06:20,19,12.5
2022-10-18 13:11:20,19,10.5
2022-10-18 13:16:20,19,9.25
2022-10-18 13:21:10,19,7.75
2022-10-18 13:26:20,19,10.75
2022-10-18 13:31:19,19,9.0
2022-10-18 13:36:10,19,6.5
2022-10-18 13:41:20,19,9.25
2022-10-18 13:46:20,19,11.25
2022-10-18 13:51:10,19,9.75
2022-10-18 13:56:20,19,12.0
2022-10-18 14:01:19,19,9.25
2022-10-18 14:06:10,19,9.25
2022-10-18 14:11:20,19,9.0
2022-10-18 14:16:20,19,7.75
2022-10-18 14:21:10,19,10.75
2022-10-18 14:26:20,19,8.75
2022-10-18 14:31:10,19,8.0
2022-10-18 14:36:20,19,10.0
2022-10-18 14:41:20,19,9.75
2022-10-18 14:46:20,19,10.25
2022-10-18 14:51:20,19,9.75
2022-10-18 14:56:20,19,9.5
2022-10-18 15:01:19,19,12.0
2022-10-18 15:06:20,19,11.0
2022-10-18 15:11:10,19,11.25
2022-10-18 15:16:20,19,9.5
2022-10-18 15:21:10,19,8.25
2022-10-18 15:26:20,19,10.5
2022-10-18 15:31:20,19,8.75
2022-10-18 15:36:20,19,10.5
2022-10-18 15:41:20,19,10.5
2022-10-18 15:46:20,19,9.0
2022-10-18 15:51:10,19,8.5
2022-10-18 15:56:20,19,10.5
2022-10-18 16:01:20,19,8.25
2022-10-18 16:06:20,19,9.5
2022-10-18 16:11:19,19,7.75
2022-10-18 16:16:20,19,8.0
2022-10-18 16:21:10,19,12.25
2022-10-18 16:26:20,19,12.0
2022-10-18 16:31:10,19,10.0
2022-10-18 16:36:20,19,8.75
2022-10-18 16:41:20,19,12.0
2022-10-18 16:46:20,19,8.75
2022-10-18 16:51:10,19,10.25
2022-10-18 16:56:19,19,8.75
2022-10-18 17:01:20,19,10.5
2022-10-18 17:06:19,19,12.75
2022-10-18 17:11:20,19,10.5
2022-10-18 17:16:20,19,10.75
2022-10-18 17:21:10,19,9.25
2022-10-18 17:26:20,19,10.25
2022-10-18 17:31:10,19,8.5
2022-10-18 17:36:19,19,10.25
2022-10-18 17:41:20,19,10.25
2022-10-18 17:46:20,19,9.25
2022-10-18 17:51:20,19,8.25
2022-10-18 17:56:20,19,8.5
2022-10-18 18:01:19,19,7.0
2022-10-18 18:06:08,19,9.75
2022-10-18 18:11:20,19,9.0
2022-10-18 18:16:08,19,11.0
2022-10-18 18:21:20,19,8.5
2022-10-18 18:26:08,19,8.75
2022-10-18 18:31:20,19,9.75
2022-10-18 18:36:08,19,7.0
2022-10-18 18:41:20,19,9.25
2022-10-18 18:46:08,19,9.75
2022-10-18 18:51:20,19,8.25
2022-10-18 18:56:08,19,11.75
2022-10-18 19:01:20,19,12.25
2022-10-18 19:06:10,19,10.25
2022-10-18 19:11:19,19,9.5
2022-10-18 19:16:20,19,7.0
2022-10-18 19:21:20,19,9.5
2022-10-18 19:26:20,19,9.5
2022-10-18 19:31:20,19,9.75
2022-10-18 19:36:10,19,9.75
2022-10-18 19:41:20,19,9.0
2022-10-18 19:46:20,19,9.75
2022-10-18 19:51:20,19,8.5
2022-10-18 19:56:20,19,13.0
2022-10-18 20:01:20,19,11.25
2022-10-18 20:06:20,19,11.25
2022-10-18 20:11:20,19,10.25
2022-10-18 20:16:20,19,11.75
2022-10-18 20:21:19,19,7.25
2022-10-18 20:26:20,19,11.5
2022-10-18 20:31:20,19,8.25
2022-10-18 20:36:10,19,13.0
2022-10-18 20:41:20,19,10.5
2022-10-18 20:46:20,19,12.0
2022-10-18 20:51:20,19,10.5
2022-10-18 20:56:20,19,6.5
2022-10-18 21:01:20,19,8.5
2022-10-18 21:06:10,19,9.25
2022-10-18 21:11:20,19,9.25
2022-10-18 21:16:10,19,7.25
2022-10-18 21:21:20,19,10.5
2022-10-18 21:26:19,19,13.5
2022-10-18 21:31:20,19,10.5
2022-10-18 21:36:20,19,8.5
2022-10-18 21:41:20,19,7.75
2022-10-18 21:46:20,19,9.5
2022-10-18 21:51:20,19,10.0
2022-10-18 21:56:10,19,9.25
2022-10-18 22:01:20,19,8.0
2022-10-18 22:06:10,19,9.25
2022-10-18 22:11:10,19,11.0
2022-10-18 22:16:20,19,11.5
2022-10-18 22:21:11,19,8.5
2022-10-18 22:26:20,19,9.0
2022-10-18 22:31:19,19,8.75
2022-10-18 22:36:10,19,9.25
2022-10-18 22:41:19,19,12.0
2022-10-18 22:46:19,19,10.25
2022-10-18 22:51:10,19,8.25
2022-10-18 22:56:20,19,10.0
2022-10-18 23:01:20,19,9.25
2022-10-18 23:06:20,19,9.5
2022-10-18 23:11:20,19,8.75
2022-10-18 23:16:08,19,8.25
2022-10-18 23:21:20,19,11.0
2022-10-18 23:26:08,19,9.5
2022-10-18 23:31:20,19,11.75
2022-10-18 23:36:08,19,12.25
2022-10-18 23:41:20,19,9.5
2022-10-18 23:46:08,19,9.75
2022-10-18 23:51:20,19,9.25
2022-10-18 23:56:20,19,10.5
2022-10-19 00:01:20,19,9.5
2022-10-19 00:06:10,19,9.75
2022-10-19 00:11:20,19,10.75
2022-10-19 00:16:10,19,8.25
2022-10-19 00:21:20,19,10.25
2022-10-19 00:26:19,19,12.5
2022-10-19 00:31:20,19,9.5
2022-10-19 00:36:10,19,8.0
2022-10-19 00:41:19,19,8.25
2022-10-19 00:46:20,19,12.75
2022-10-19 00:51:20,19,11.75
2022-10-19 00:56:10,19,11.25
2022-10-19 01:01:19,19,9.75
2022-10-19 01:06:10,19,9.25
2022-10-19 01:11:20,19,11.25
2022-10-19 01:16:10,19,9.25
2022-10-19 01:21:20,19,10.25
2022-10-19 01:26:20,19,11.25
2022-10-19 01:31:20,19,10.5
2022-10-19 01:36:20,19,9.0
2022-10-19 01:41:20,19,7.5
2022-10-19 01:46:20,19,13.75
2022-10-19 01:51:10,19,10.25
2022-10-19 01:56:20,19,8.25
2022-10-19 02:01:10,19,11.0
2022-10-19 02:06:20,19,9.75
2022-10-19 02:11:20,19,10.0
2022-10-19 02:16:20,19,6.5
2022-10-19 02:21:20,19,7.5
2022-10-19 02:26:20,19,10.75
2022-10-19 02:31:20,19,10.25
2022-10-19 02:36:20,19,7.5
2022-10-19 02:41:10,19,8.75
2022-10-19 02:46:20,19,8.0
2022-10-19 02:51:10,19,11.0
2022-10-19 02:56:20,19,8.5
2022-10-19 03:01:20,19,10.25
2022-10-19 03:06:08,19,8.5
2022-10-19 03:11:20,19,9.75
2022-10-19 03:16:08,19,8.75
2022-10-19 03:21:20,19,10.25
2022-10-19 03:26:08,19,11.75
2022-10-19 03:31:20,19,7.75
2022-10-19 03:36:08,19,8.0
2022-10-19 03:41:20,19,8.5
2022-10-19 03:46:08,19,11.75
2022-10-19 03:51:20,19,8.0
2022-10-19 03:56:08,19,9.75
2022-10-19 04:01:19,19,8.75
2022-10-19 04:06:10,19,12.25
2022-10-19 04:11:19,19,9.75
2022-10-19 04:16:19,19,11.0
2022-10-19 04:21:19,19,9.75
2022-10-19 04:26:19,19,11.5
2022-10-19 04:31:19,19,11.0
2022-10-19 04:36:10,19,8.75
2022-10-19 04:41:19,19,10.25
2022-10-19 04:46:19,19,10.5
2022-10-19 04:51:19,19,10.75
2022-10-19 04:56:07,19,10.0
2022-10-19 05:01:10,19,11.25
2022-10-19 05:06:07,19,8.75
2022-10-19 05:11:19,19,6.25
2022-10-19 05:16:07,19,10.0
2022-10-19 05:21:19,19,10.25
2022-10-19 05:26:19,19,8.75
2022-10-19 05:31:19,19,12.0
2022-10-19 05:36:10,19,8.75
2022-10-19 05:41:19,19,9.0
2022-10-19 05:46:10,19,10.5
2022-10-19 05:51:19,19,11.5
2022-10-19 05:56:19,19,8.5
2022-10-19 06:01:19,19,7.5
2022-10-19 06:06:19,19,9.5
2022-10-19 06:11:19,19,9.75
2022-10-19 06:16:19,19,8.75
2022-10-19 06:21:19,19,12.0
2022-10-19 06:26:10,19,11.25
2022-10-19 06:31:19,19,9.0
2022-10-19 06:36:10,19,11.5
2022-10-19 06:41:19,19,9.25
2022-10-19 06:46:19,19,9.5
2022-10-19 06:51:19,19,11.0
2022-10-19 06:56:19,19,11.5
2022-10-19 07:01:19,19,11.75
2022-10-19 07:06:10,19,9.5
2022-10-19 07:11:10,19,10.75
2022-10-19 07:16:19,19,10.75
2022-10-19 07:21:10,19,10.5
2022-10-19 07:26:10,19,10.5
2022-10-19 07:31:19,19,10.5
2022-10-19 07:36:10,19,8.25
2022-10-19 07:41:19,19,10.0
2022-10-19 07:46:19,19,9.75
2022-10-19 07:51:10,19,11.5
2022-10-19 07:56:19,19,9.5
2022-10-19 08:01:20,19,8.75
2022-10-19 08:06:10,19,9.75
2022-10-19 08:11:20,19,9.25
2022-10-19 08:16:07,19,9.5
2022-10-19 08:21:20,19,10.0
2022-10-19 08:26:07,19,10.25
2022-10-19 08:31:20,19,8.75
2022-10-19 08:36:10,19,8.75
2022-10-19 08:41:20,19,10.75
2022-10-19 08:46:10,19,14.75
2022-10-19 08:51:20,19,9.0
2022-10-19 08:56:20,19,10.0
2022-10-19 09:01:06,19,8.25
2022-10-19 09:06:20,19,12.5
2022-10-19 09:11:20,19,10.0
2022-10-19 09:16:20,19,7.5
2022-10-19 09:21:10,19,7.0
2022-10-19 09:26:10,19,8.25
2022-10-19 09:31:20,19,10.5
2022-10-19 09:36:10,19,10.0
2022-10-19 09:41:20,19,7.5
2022-10-19 09:46:20,19,10.75
2022-10-19 09:51:10,19,11.0
2022-10-19 09:56:20,19,11.5
2022-10-19 10:01:10,19,9.0
2022-10-19 10:06:20,19,10.0
2022-10-19 10:11:20,19,10.5
2022-10-19 10:16:20,19,10.5
2022-10-19 10:21:20,19,14.0
2022-10-19 10:26:20,19,10.25
2022-10-19 10:31:20,19,7.75
2022-10-19 10:36:10,19,11.0
2022-10-19 10:41:20,19,8.5
2022-10-19 10:46:20,19,13.5
2022-10-19 10:51:20,19,10.75
2022-10-19 10:56:20,19,11.75
2022-10-19 11:01:20,19,9.25
2022-10-19 11:06:10,19,10.0
2022-10-19 11:11:20,19,12.25
2022-10-19 11:16:10,19,13.0
2022-10-19 11:21:10,19,9.0
2022-10-19 11:26:20,19,8.0
2022-10-19 11:31:20,19,8.5
2022-10-19 11:36:10,19,11.5
2022-10-19 11:41:20,19,10.25
2022-10-19 11:46:20,19,8.75
2022-10-19 11:51:20,19,9.25
2022-10-19 11:56:20,19,10.5
2022-10-19 12:01:10,19,13.0
2022-10-19 12:06:20,19,10.75
2022-10-19 12:11:20,19,11.75
2022-10-19 12:16:20,19,9.0
2022-10-19 12:21:19,19,10.25
2022-10-19 12:26:20,19,12.25
2022-10-19 12:31:20,19,11.75
2022-10-19 12:36:10,19,8.25
2022-10-19 12:41:19,19,9.0
2022-10-19 12:46:20,19,10.0
2022-10-19 12:51:10,19,12.25
2022-10-19 12:56:10,19,10.0
2022-10-19 13:01:20,19,9.75
2022-10-19 13:06:10,19,9.25
2022-10-19 13:11:20,19,9.75
2022-10-19 13:16:20,19,10.75
2022-10-19 13:21:10,19,10.25
2022-10-19 13:26:20,19,7.75
2022-10-19 13:31:20,19,8.5
2022-10-19 13:36:10,19,10.25
2022-10-19 13:41:10,19,12.25
2022-10-19 13:46:20,19,9.25
2022-10-19 13:51:10,19,9.0
2022-10-19 13:56:20,19,13.25
2022-10-19 14:01:19,19,10.25
2022-10-19 14:06:20,19,8.75
2022-10-19 14:11:20,19,8.5
2022-10-19 14:16:20,19,10.75
2022-10-19 14:21:10,19,10.5
2022-10-19 14:26:20,19,10.0
2022-10-19 14:31:20,19,13.25
2022-10-19 14:36:19,19,10.25
2022-10-19 14:41:20,19,11.0
2022-10-19 14:46:20,19,8.25
2022-10-19 14:51:19,19,7.25
2022-10-19 14:56:20,19,12.75
2022-10-19 15:01:20,19,10.75
2022-10-19 15:06:20,19,8.25
2022-10-19 15:11:20,19,10.0
2022-10-19 15:16:10,19,9.25
2022-10-19 15:21:20,19,12.25
2022-10-19 15:26:19,19,11.25
2022-10-19 15:31:20,19,9.5
2022-10-19 15:36:20,19,9.5
2022-10-19 15:41:10,19,10.0
2022-10-19 15:46:20,19,10.25
2022-10-19 15:51:10,19,9.25
2022-10-19 15:56:20,19,9.0
2022-10-19 16:01:19,19,7.75
2022-10-19 16:06:10,19,7.25
2022-10-19 16:11:20,19,7.75
2022-10-19 16:16:19,19,10.25
2022-10-19 16:21:20,19,7.25
2022-10-19 16:26:20,19,9.75
2022-10-19 16:31:20,19,10.5
2022-10-19 16:36:20,20,21.5
2022-10-19 16:41:20,20,39.5
2022-10-19 16:46:10,19,26.5
2022-10-19 16:51:19,20,33.0
2022-10-19 16:56:20,20,62.75
2022-10-19 17:01:20,20,59.0
2022-10-19 17:06:20,19,33.0
2022-10-19 17:11:20,19,18.25
2022-10-19 17:16:20,19,11.75
2022-10-19 17:21:20,19,10.75
2022-10-19 17:26:20,20,24.5
2022-10-19 17:31:22,20,55.5
2022-10-19 17:36:11,19,37.75
2022-10-19 17:41:19,19,18.0
2022-10-19 17:46:19,19,11.75
2022-10-19 17:51:20,19,10.5
2022-10-19 17:56:20,19,12.0
2022-10-19 18:01:20,19,10.0
2022-10-19 18:06:20,19,8.75
2022-10-19 18:11:20,19,8.0
2022-10-19 18:16:20,19,12.5
2022-10-19 18:21:11,19,11.0
2022-10-19 18:26:20,19,9.5
2022-10-19 18:31:20,19,12.0
2022-10-19 18:36:11,19,10.5
2022-10-19 18:41:20,19,10.0
2022-10-19 18:46:20,19,9.5
2022-10-19 18:51:11,19,10.0
2022-10-19 18:56:10,19,10.25
2022-10-19 19:01:20,19,9.25
2022-10-19 19:06:11,19,12.0
2022-10-19 19:11:20,19,9.0
2022-10-19 19:16:20,19,9.75
2022-10-19 19:21:11,19,7.75
2022-10-19 19:26:20,19,9.0
2022-10-19 19:31:20,19,13.75
2022-10-19 19:36:10,19,9.5
2022-10-19 19:41:20,19,10.5
2022-10-19 19:46:20,19,8.75
2022-10-19 19:51:10,19,9.25
2022-10-19 19:56:20,19,14.5
2022-10-19 20:01:10,19,11.0
2022-10-19 20:06:20,19,9.75
2022-10-19 20:11:20,19,7.0
2022-10-19 20:16:20,19,8.25
2022-10-19 20:21:19,19,12.0
2022-10-19 20:26:20,19,10.0
2022-10-19 20:31:20,19,8.25
2022-10-19 20:36:10,19,9.5
2022-10-19 20:41:10,20,18.75
2022-10-19 20:46:20,20,52.25
2022-10-19 20:51:10,19,39.5
2022-10-19 20:56:20,19,21.25
2022-10-19 21:01:20,19,12.5
2022-10-19 21:06:10,19,10.75
2022-10-19 21:11:20,19,11.75
2022-10-19 21:16:20,19,10.0
2022-10-19 21:21:10,19,9.75
2022-10-19 21:26:20,19,13.75
2022-10-19 21:31:20,19,10.75
2022-10-19 21:36:20,19,10.5
2022-10-19 21:41:20,19,9.5
2022-10-19 21:46:10,19,7.75
2022-10-19 21:51:20,19,10.75
2022-10-19 21:56:20,19,8.75
2022-10-19 22:01:20,19,11.0
2022-10-19 22:06:20,19,10.25
2022-10-19 22:11:19,19,8.25
2022-10-19 22:16:20,19,8.25
2022-10-19 22:21:10,19,9.5
2022-10-19 22:26:20,19,10.5
2022-10-19 22:31:10,19,8.75
2022-10-19 22:36:20,19,7.5
2022-10-19 22:41:20,19,9.0
2022-10-19 22:46:20,19,10.0
2022-10-19 22:51:19,19,10.5
2022-10-19 22:56:20,19,10.25
2022-10-19 23:01:20,19,9.75
2022-10-19 23:06:10,19,7.5
2022-10-19 23:11:10,19,7.75
2022-10-19 23:16:20,19,10.0
2022-10-19 23:21:10,19,9.5
2022-10-19 23:26:20,19,10.25
2022-10-19 23:31:20,19,9.5
2022-10-19 23:36:20,19,7.5
2022-10-19 23:41:20,19,9.75
2022-10-19 23:46:20,19,9.75
2022-10-19 23:51:10,19,9.25
2022-10-19 23:56:20,19,10.75
2022-10-20 00:01:20,19,9.75
2022-10-20 00:06:20,19,10.5
2022-10-20 00:11:10,19,8.5
2022-10-20 00:16:20,19,9.25
2022-10-20 00:21:10,19,8.25
2022-10-20 00:26:20,19,7.25
2022-10-20 00:31:20,19,10.25
2022-10-20 00:36:20,19,9.25
2022-10-20 00:41:20,19,9.0
2022-10-20 00:46:20,19,9.25
2022-10-20 00:51:20,19,9.75
2022-10-20 00:56:10,19,9.25
2022-10-20 01:01:17,20,25.5
2022-10-20 01:06:10,20,63.25
2022-10-20 01:11:20,20,93.5
2022-10-20 01:16:20,20,68.25
2022-10-20 01:21:19,20,57.25
2022-10-20 01:26:20,19,39.0
2022-10-20 01:31:20,19,21.25
2022-10-20 01:36:20,19,15.5
2022-10-20 01:41:20,19,12.0
2022-10-20 01:46:19,19,11.0
2022-10-20 01:51:20,19,8.75
2022-10-20 01:56:19,19,7.25
2022-10-20 02:01:20,19,9.5
2022-10-20 02:06:20,19,11.25
2022-10-20 02:11:20,19,8.5
2022-10-20 02:16:10,19,12.5
2022-10-20 02:21:20,19,9.75
2022-10-20 02:26:20,19,9.5
2022-10-20 02:31:20,19,8.0
2022-10-20 02:36:10,19,8.5
2022-10-20 02:41:20,19,11.0
2022-10-20 02:46:20,19,10.5
2022-10-20 02:51:19,19,11.25
2022-10-20 02:56:20,19,9.25
2022-10-20 03:01:20,19,10.5
2022-10-20 03:06:10,19,9.25
2022-10-20 03:11:19,19,9.0
2022-10-20 03:16:10,19,8.75
2022-10-20 03:21:20,19,9.0
2022-10-20 03:26:19,19,12.5
2022-10-20 03:31:20,19,8.75
2022-10-20 03:36:20,19,10.75
2022-10-20 03:41:20,19,8.25
2022-10-20 03:46:20,19,11.25
2022-10-20 03:51:20,19,9.25
2022-10-20 03:56:10,19,10.75
2022-10-20 04:01:20,19,8.25
2022-10-20 04:06:10,19,9.75
2022-10-20 04:11:20,19,10.75
2022-10-20 04:16:20,20,24.5
2022-10-20 04:21:20,20,47.75
2022-10-20 04:26:20,20,45.5
2022-10-20 04:31:20,19,22.25
2022-10-20 04:36:10,19,14.5
2022-10-20 04:41:20,19,12.25
2022-10-20 04:46:20,19,12.5
2022-10-20 04:51:20,19,8.25
2022-10-20 04:56:20,19,8.5
2022-10-20 05:01:20,19,7.5
2022-10-20 05:06:20,19,12.75
2022-10-20 05:11:20,19,11.25
2022-10-20 05:16:20,19,8.5
2022-10-20 05:21:10,19,8.0
2022-10-20 05:26:20,19,9.75
2022-10-20 05:31:20,20,13.25
2022-10-20 05:36:10,20,45.25
2022-10-20 05:41:10,20,48.5
2022-10-20 05:46:20,19,28.5
2022-10-20 05:51:11,19,17.5
2022-10-20 05:56:20,19,11.75
2022-10-20 06:01:20,19,9.75
2022-10-20 06:06:10,19,7.0
2022-10-20 06:11:20,19,11.25
2022-10-20 06:16:20,19,8.5
2022-10-20 06:21:20,19,9.0
2022-10-20 06:26:10,19,9.5
2022-10-20 06:31:20,19,12.25
2022-10-20 06:36:10,19,10.25
2022-10-20 06:41:10,19,9.25
2022-10-20 06:46:19,19,7.75
2022-10-20 07:18:55,19,10.75
2022-10-20 07:21:18,19,9.75
2022-10-20 07:26:18,19,7.75
2022-10-20 07:31:18,19,11.25
2022-10-20 07:36:09,19,11.0
2022-10-20 07:41:18,19,10.0
2022-10-20 07:46:09,19,7.25
2022-10-20 07:51:09,19,11.25
2022-10-20 07:56:18,19,10.5
2022-10-20 08:01:18,19,7.25
2022-10-20 08:06:09,19,11.5
2022-10-20 08:11:18,19,9.5
2022-10-20 08:16:18,19,9.0
2022-10-20 08:21:09,19,10.0
2022-10-20 08:26:09,19,12.0
2022-10-20 08:31:18,19,10.75
2022-10-20 08:36:09,19,10.5
2022-10-20 08:41:18,19,10.5
2022-10-20 08:46:09,19,9.25
2022-10-20 08:51:18,19,9.25
2022-10-20 08:56:18,19,10.5
2022-10-20 09:01:18,19,12.5
2022-10-20 09:06:09,19,10.75
2022-10-20 09:11:18,19,11.5
2022-10-20 09:16:18,19,9.0
2022-10-20 09:21:09,19,10.0
2022-10-20 09:26:09,19,10.5
2022-10-20 09:31:18,19,10.75
2022-10-20 09:36:09,20,12.25
2022-10-20 09:41:18,20,45.5
2022-10-20 09:46:10,20,51.75
2022-10-20 09:51:18,19,27.75
2022-10-20 09:56:18,19,17.0
2022-10-20 10:01:18,19,10.25
2022-10-20 10:06:09,19,11.0
2022-10-20 10:11:18,19,9.5
2022-10-20 10:16:18,19,8.25
2022-10-20 10:21:09,19,10.25
2022-10-20 10:26:18,19,7.5
2022-10-20 10:31:18,19,9.0
2022-10-20 10:36:09,19,8.5
2022-10-20 10:41:18,19,9.0
2022-10-20 10:46:09,19,9.75
2022-10-20 10:51:18,19,8.25
2022-10-20 10:56:18,19,10.25
2022-10-20 11:01:18,19,11.0
2022-10-20 11:06:09,19,9.75
2022-10-20 11:11:18,19,8.0
2022-10-20 11:16:18,19,8.75
2022-10-20 11:21:09,19,9.5
2022-10-20 11:26:09,19,8.5
2022-10-20 11:31:18,19,12.0
2022-10-20 11:36:09,19,10.25
2022-10-20 11:41:18,19,9.25
2022-10-20 11:46:18,19,12.5
2022-10-20 11:51:09,19,11.5
2022-10-20 11:56:18,19,8.75
2022-10-20 12:01:18,19,9.5
2022-10-20 12:06:09,19,9.75
2022-10-20 12:11:09,19,8.5
2022-10-20 12:16:18,19,12.0
2022-10-20 12:21:09,20,15.5
2022-10-20 12:26:18,20,43.75
2022-10-20 12:31:18,20,49.5
2022-10-20 12:36:09,19,26.75
2022-10-20 12:41:18,19,17.25
2022-10-20 12:46:18,19,15.0
2022-10-20 12:51:09,19,11.5
2022-10-20 12:56:18,19,8.25
2022-10-20 13:01:18,19,11.25
2022-10-20 13:22:28,0,0.0
2022-10-20 14:27:06,0,0.0
2022-10-20 14:31:09,0,0.0
2022-10-20 14:36:18,0,0.0
2022-10-20 14:41:18,0,0.0
2022-10-20 14:46:18,0,0.0
2022-10-20 14:51:09,0,0.0
2022-10-20 14:56:18,0,0.0
2022-10-20 15:01:18,0,0.0
2022-10-20 15:06:09,0,0.0
2022-10-20 15:11:18,0,0.0
2022-10-20 15:16:18,0,0.0
2022-10-20 15:21:09,0,0.0
2022-10-20 15:26:18,0,0.0
2022-10-20 15:31:18,0,0.0
2022-10-20 15:36:09,0,0.0
2022-10-20 15:41:09,0,0.0
2022-10-20 15:46:18,0,0.0
2022-10-20 15:51:09,0,0.0
2022-10-20 15:56:18,0,0.0
2022-10-20 16:01:18,0,0.0
2022-10-20 16:06:09,0,0.0
2022-10-20 16:11:18,0,0.0
2022-10-20 16:16:09,0,0.0
2022-10-20 16:21:18,0,0.0
2022-10-20 16:26:18,0,0.0
2022-10-20 16:31:18,0,0.0
2022-10-20 16:36:09,0,0.0
2022-10-20 16:41:18,0,0.0
2022-10-20 16:46:18,0,0.0
2022-10-20 16:51:09,0,0.0
2022-10-20 16:56:18,0,0.0
2022-10-20 17:01:18,0,0.0
2022-10-20 17:06:09,0,0.0
2022-10-20 17:11:18,0,0.0
2022-10-20 17:16:18,0,0.0
2022-10-20 17:21:09,0,0.0
2022-10-20 17:26:09,0,0.0
2022-10-20 17:31:18,0,0.0
2022-10-20 17:36:09,0,0.0
2022-10-20 17:41:18,0,0.0
2022-10-20 17:46:18,0,0.0
2022-10-20 17:51:09,0,0.0
2022-10-20 17:56:18,0,0.0
2022-10-20 18:01:09,0,0.0
2022-10-20 18:06:18,0,0.0
2022-10-20 18:11:18,0,0.0
2022-10-20 18:16:18,0,0.0
2022-10-20 18:21:09,0,0.0
2022-10-20 18:26:18,0,0.0
2022-10-20 18:31:18,0,0.0
2022-10-20 18:36:09,0,0.0
2022-10-20 18:41:18,0,0.0
2022-10-20 18:46:18,0,0.0
2022-10-20 18:51:09,0,0.0
2022-10-20 18:56:18,0,0.0
2022-10-20 19:01:18,0,0.0
2022-10-20 19:06:09,0,0.0
2022-10-20 19:11:09,0,0.0
2022-10-20 19:16:18,0,0.0
2022-10-20 19:21:09,0,0.0
2022-10-20 19:26:18,0,0.0
2022-10-20 19:31:18,0,0.0
2022-10-20 19:36:09,0,0.0
2022-10-20 19:41:18,0,0.0
2022-10-20 19:46:09,0,0.0
2022-10-20 19:51:18,0,0.0
2022-10-20 19:56:18,0,0.0
2022-10-20 20:01:18,0,0.0
2022-10-20 20:06:09,0,0.0
2022-10-20 20:11:18,0,0.0
2022-10-20 20:16:18,0,0.0
2022-10-20 20:21:09,0,0.0
2022-10-20 20:26:18,0,0.0
2022-10-20 20:31:18,0,0.0
2022-10-20 20:36:09,0,0.0
2022-10-20 20:41:18,0,0.0
2022-10-20 20:46:18,0,0.0
2022-10-20 20:51:09,0,0.0
2022-10-20 20:56:09,0,0.0
2022-10-20 21:01:18,0,0.0
2022-10-20 21:06:09,0,0.0
2022-10-20 21:11:18,0,0.0
2022-10-20 21:16:18,0,0.0
2022-10-20 21:21:09,0,0.0
2022-10-20 21:26:18,0,0.0
2022-10-20 21:31:09,0,0.0
2022-10-20 21:36:18,0,0.0
2022-10-20 21:41:18,0,0.0
2022-10-20 21:46:18,0,0.0
2022-10-20 21:51:09,0,0.0
2022-10-20 21:56:18,0,0.0
2022-10-20 22:01:18,0,0.0
2022-10-20 22:06:09,0,0.0
2022-10-20 22:11:18,0,0.0
2022-10-20 22:16:18,0,0.0
2022-10-20 22:21:09,0,0.0
2022-10-20 22:26:18,0,0.0
2022-10-20 22:31:18,0,0.0
2022-10-20 22:36:09,0,0.0
2022-10-20 22:41:09,0,0.0
2022-10-20 22:46:18,0,0.0
2022-10-20 22:51:09,0,0.0
2022-10-20 22:56:18,0,0.0
2022-10-20 23:01:18,0,0.0
2022-10-20 23:06:09,0,0.0
2022-10-20 23:11:18,0,0.0
2022-10-20 23:16:09,0,0.0
2022-10-20 23:21:18,0,0.0
2022-10-20 23:26:18,0,0.0
2022-10-20 23:31:18,0,0.0
2022-10-20 23:36:09,0,0.0
2022-10-20 23:41:18,0,0.0
2022-10-20 23:46:18,0,0.0
2022-10-20 23:51:09,0,0.0
2022-10-20 23:56:18,0,0.0
2022-10-21 00:01:18,0,0.0
2022-10-21 00:06:09,0,0.0
2022-10-21 00:11:18,0,0.0
2022-10-21 00:16:18,0,0.0
2022-10-21 00:21:09,0,0.0
2022-10-21 00:26:09,0,0.0
2022-10-21 00:31:18,0,0.0
2022-10-21 00:36:09,0,0.0
2022-10-21 00:41:18,0,0.0
2022-10-21 00:46:18,0,0.0
2022-10-21 00:51:09,0,0.0
2022-10-21 00:56:18,0,0.0
2022-10-21 01:01:09,0,0.0
2022-10-21 01:06:18,0,0.0
2022-10-21 01:11:18,0,0.0
2022-10-21 01:16:18,0,0.0
2022-10-21 01:21:09,0,0.0
2022-10-21 01:26:18,0,0.0
2022-10-21 01:31:18,0,0.0
2022-10-21 01:36:09,0,0.0
2022-10-21 01:41:18,0,0.0
2022-10-21 01:46:18,0,0.0
2022-10-21 01:51:09,0,0.0
2022-10-21 01:56:18,0,0.0
2022-10-21 02:01:18,0,0.0
2022-10-21 02:06:09,0,0.0
2022-10-21 02:11:09,0,0.0
2022-10-21 02:16:18,0,0.0
2022-10-21 02:21:09,0,0.0
2022-10-21 02:26:18,0,0.0
2022-10-21 02:31:18,0,0.0
2022-10-21 02:36:09,0,0.0
2022-10-21 02:41:18,0,0.0
2022-10-21 02:46:09,0,0.0
2022-10-21 02:51:18,0,0.0
2022-10-21 02:56:18,0,0.0
2022-10-21 03:01:18,0,0.0
2022-10-21 03:06:09,0,0.0
2022-10-21 03:11:18,0,0.0
2022-10-21 03:16:18,0,0.0
2022-10-21 03:21:09,0,0.0
2022-10-21 03:26:18,0,0.0
2022-10-21 03:31:18,0,0.0
2022-10-21 03:36:09,0,0.0
2022-10-21 03:41:18,0,0.0
2022-10-21 03:46:18,0,0.0
2022-10-21 03:51:09,0,0.0
2022-10-21 03:56:09,0,0.0
2022-10-21 04:01:18,0,0.0
2022-10-21 04:06:09,0,0.0
2022-10-21 04:11:18,0,0.0
2022-10-21 04:16:18,0,0.0
2022-10-21 04:21:09,0,0.0
2022-10-21 04:26:18,0,0.0
2022-10-21 04:31:09,0,0.0
2022-10-21 04:36:18,0,0.0
2022-10-21 04:41:18,0,0.0
2022-10-21 04:46:18,0,0.0
2022-10-21 04:51:09,0,0.0
2022-10-21 04:56:18,0,0.0
2022-10-21 05:01:18,0,0.0
2022-10-21 05:06:09,0,0.0
2022-10-21 05:11:18,0,0.0
2022-10-21 05:16:18,0,0.0
2022-10-21 05:21:09,0,0.0
2022-10-21 05:26:18,0,0.0
2022-10-21 05:31:18,0,0.0
2022-10-21 05:36:09,0,0.0
2022-10-21 05:41:09,0,0.0
2022-10-21 05:46:18,0,0.0
2022-10-21 05:51:09,0,0.0
2022-10-21 05:56:18,0,0.0
2022-10-21 06:01:18,0,0.0
2022-10-21 06:06:09,0,0.0
2022-10-21 06:11:18,0,0.0
2022-10-21 06:16:09,0,0.0
2022-10-21 06:21:18,0,0.0
2022-10-21 06:26:18,0,0.0
2022-10-21 06:31:18,0,0.0
2022-10-21 06:36:09,0,0.0
2022-10-21 06:41:18,0,0.0
2022-10-21 06:46:18,0,0.0
2022-10-21 06:51:09,0,0.0
2022-10-21 06:56:18,0,0.0
2022-10-21 07:01:18,0,0.0
2022-10-21 07:06:09,0,0.0
2022-10-21 07:11:18,0,0.0
2022-10-21 07:16:18,0,0.0
2022-10-21 07:21:09,0,0.0
2022-10-21 07:26:09,0,0.0
2022-10-21 07:31:18,0,0.0
2022-10-21 07:36:09,0,0.0
2022-10-21 07:41:18,0,0.0
2022-10-21 07:46:18,0,0.0
2022-10-21 07:51:09,0,0.0
2022-10-21 07:56:18,0,0.0
2022-10-21 08:01:09,0,0.0
2022-10-21 08:06:18,0,0.0
2022-10-21 08:11:18,0,0.0
2022-10-21 08:16:18,0,0.0
2022-10-21 08:21:09,0,0.0
2022-10-21 08:26:18,0,0.0
2022-10-21 08:31:18,0,0.0
2022-10-21 08:36:09,0,0.0
2022-10-21 08:41:18,0,0.0
2022-10-21 08:46:18,0,0.0
2022-10-21 08:51:09,0,0.0
2022-10-21 08:56:18,0,0.0
2022-10-21 09:01:18,0,0.0
2022-10-21 09:06:09,0,0.0
2022-10-21 09:11:09,0,0.0
2022-10-21 09:16:18,0,0.0
2022-10-21 09:21:09,0,0.0
2022-10-21 09:26:18,0,0.0
2022-10-21 09:31:18,0,0.0
2022-10-21 09:36:09,0,0.0
2022-10-21 09:41:18,0,0.0
2022-10-21 09:46:09,0,0.0
2022-10-21 09:51:18,0,0.0
2022-10-21 09:56:18,0,0.0
2022-10-21 10:12:36,0,0.0
2022-10-21 10:16:20,0,0.0
2022-10-21 10:21:05,0,0.0
2022-10-21 10:26:43,0,0.0
2022-10-21 10:31:21,0,0.0
2022-10-21 10:36:21,0,0.0
2022-10-21 10:41:15,0,0.0
2022-10-21 10:46:21,0,0.0
2022-10-21 10:51:15,0,0.0
2022-10-21 10:56:21,0,0.0
2022-10-21 11:01:21,0,0.0
2022-10-21 11:06:21,0,0.0
2022-10-21 11:11:05,0,0.0
2022-10-21 11:16:21,0,0.0
2022-10-21 11:21:21,0,0.0
2022-10-21 11:26:15,0,0.0
2022-10-21 11:31:15,0,0.0
2022-10-21 11:36:15,0,0.0
2022-10-21 11:41:15,0,0.0
2022-10-21 11:46:21,0,0.0
2022-10-21 11:51:05,0,0.0
2022-10-21 11:56:05,0,0.0
2022-10-21 12:01:21,0,0.0
2022-10-21 12:06:21,0,0.0
2022-10-21 12:11:05,0,0.0
2022-10-21 12:16:21,0,0.0
2022-10-21 12:21:21,0,0.0
2022-10-21 12:26:15,0,0.0
2022-10-21 12:31:21,0,0.0
2022-10-21 12:36:05,0,0.0
2022-10-21 12:41:21,0,0.0
2022-10-21 12:46:21,0,0.0
2022-10-21 12:51:15,0,0.0
2022-10-21 12:56:21,0,0.0
2022-10-21 13:01:21,0,0.0
2022-10-21 13:06:21,0,0.0
2022-10-21 13:11:15,0,0.0
2022-10-21 13:16:05,0,0.0
2022-10-21 13:21:21,0,0.0
2022-10-21 13:26:15,0,0.0
2022-10-21 13:31:15,0,0.0
2022-10-21 13:36:21,0,0.0
2022-10-21 13:41:15,0,0.0
2022-10-21 13:46:21,0,0.0
2022-10-21 13:51:15,0,0.0
2022-10-21 13:56:21,0,0.0
2022-10-21 14:01:21,0,0.0
2022-10-21 14:06:21,0,0.0
2022-10-21 14:11:15,0,0.0
2022-10-21 14:16:05,0,0.0
2022-10-21 14:21:21,0,0.0
2022-10-21 14:26:15,0,0.0
2022-10-21 14:31:15,0,0.0
2022-10-21 14:36:21,0,0.0
2022-10-21 14:41:15,0,0.0
2022-10-21 14:46:21,0,0.0
2022-10-21 14:51:21,0,0.0
2022-10-21 14:56:05,0,0.0
2022-10-21 15:01:21,0,0.0
2022-10-21 15:06:21,0,0.0
2022-10-21 15:11:15,0,0.0
2022-10-21 15:16:21,0,0.0
2022-10-21 15:21:16,0,0.0
2022-10-21 15:26:42,0,0.0
2022-10-21 15:31:25,0,0.0
2022-10-21 15:36:05,0,0.0
2022-10-21 15:41:46,0,0.0
2022-10-21 15:46:21,0,0.0
2022-10-21 15:51:15,0,0.0
2022-10-21 15:56:15,0,0.0
2022-10-21 16:01:21,0,0.0
2022-10-21 16:06:21,0,0.0
2022-10-21 16:11:15,0,0.0
2022-10-21 16:16:05,0,0.0
2022-10-21 16:21:21,0,0.0
2022-10-21 16:26:15,0,0.0
2022-10-21 16:31:21,0,0.0
2022-10-21 16:36:05,0,0.0
2022-10-21 16:41:21,0,0.0
2022-10-21 16:46:21,0,0.0
2022-10-21 16:51:05,0,0.0
2022-10-21 16:56:21,0,0.0
2022-10-21 17:01:21,0,0.0
2022-10-21 17:06:21,0,0.0
2022-10-21 17:11:15,0,0.0
2022-10-21 17:16:05,0,0.0
2022-10-21 17:21:21,0,0.0
2022-10-21 17:26:15,0,0.0
2022-10-21 17:31:15,0,0.0
2022-10-21 17:36:15,0,0.0
2022-10-21 17:41:15,0,0.0
2022-10-21 17:46:21,0,0.0
2022-10-21 17:51:21,0,0.0
2022-10-21 17:56:05,0,0.0
2022-10-21 18:01:21,0,0.0
2022-10-21 18:06:21,0,0.0
2022-10-21 18:11:15,0,0.0
2022-10-21 18:16:15,0,0.0
2022-10-21 18:21:21,0,0.0
2022-10-21 18:26:15,0,0.0
2022-10-21 18:31:21,0,0.0
2022-10-21 18:36:05,0,0.0
2022-10-21 18:41:21,0,0.0
2022-10-21 18:46:21,0,0.0
2022-10-21 18:51:21,0,0.0
2022-10-21 18:56:15,0,0.0
2022-10-21 19:01:21,0,0.0
2022-10-21 19:06:21,0,0.0
2022-10-21 19:11:15,0,0.0
2022-10-21 19:16:05,0,0.0
2022-10-21 19:21:05,0,0.0
2022-10-21 19:26:21,0,0.0
2022-10-21 19:31:21,0,0.0
2022-10-21 19:36:15,0,0.0
2022-10-21 19:41:21,0,0.0
2022-10-21 19:46:21,0,0.0
2022-10-21 19:51:21,0,0.0
2022-10-21 19:56:15,0,0.0
2022-10-21 20:01:21,0,0.0
2022-10-21 20:06:21,0,0.0
2022-10-21 20:11:15,0,0.0
2022-10-21 20:16:05,0,0.0
2022-10-21 20:21:21,0,0.0
2022-10-21 20:26:15,0,0.0
2022-10-21 20:31:21,0,0.0
2022-10-21 20:36:15,0,0.0
2022-10-21 20:41:21,0,0.0
2022-10-21 20:46:21,0,0.0
2022-10-21 20:51:21,0,0.0
2022-10-21 20:56:05,0,0.0
2022-10-21 21:01:05,0,0.0
2022-10-21 21:06:21,0,0.0
2022-10-21 21:11:15,0,0.0
2022-10-21 21:16:05,0,0.0
2022-10-21 21:21:46,0,0.0
2022-10-21 21:26:35,0,0.0
2022-10-21 21:31:15,0,0.0
2022-10-21 21:36:25,0,0.0
2022-10-21 21:41:05,0,0.0
2022-10-21 21:46:42,0,0.0
2022-10-21 21:51:35,0,0.0
2022-10-21 21:56:15,0,0.0
2022-10-21 22:01:46,0,0.0
2022-10-21 22:06:42,0,0.0
2022-10-21 22:11:45,0,0.0
2022-10-21 22:16:25,0,0.0
2022-10-21 22:21:05,0,0.0
2022-10-21 22:26:21,0,0.0
2022-10-21 22:31:21,0,0.0
2022-10-21 22:36:15,0,0.0
2022-10-21 22:41:21,0,0.0
2022-10-21 22:46:21,0,0.0
2022-10-21 22:51:21,0,0.0
2022-10-21 22:56:15,0,0.0
2022-10-21 23:01:21,0,0.0
2022-10-21 23:06:21,0,0.0
2022-10-21 23:11:15,0,0.0
2022-10-21 23:16:15,0,0.0
2022-10-21 23:21:21,0,0.0
2022-10-21 23:26:15,0,0.0
2022-10-21 23:31:25,0,0.0
2022-10-21 23:36:05,0,0.0
2022-10-21 23:41:46,0,0.0
2022-10-21 23:46:35,0,0.0
2022-10-21 23:51:45,0,0.0
2022-10-21 23:56:25,0,0.0
2022-10-22 00:01:05,0,0.0
2022-10-22 00:06:42,0,0.0
2022-10-22 00:11:35,0,0.0
2022-10-22 00:16:15,0,0.0
2022-10-22 00:21:46,0,0.0
2022-10-22 00:26:42,0,0.0
2022-10-22 00:31:25,0,0.0
2022-10-22 00:36:05,0,0.0
2022-10-22 00:41:46,0,0.0
2022-10-22 00:46:35,0,0.0
2022-10-22 00:51:15,0,0.0
2022-10-22 00:56:42,0,0.0
2022-10-22 01:01:15,0,0.0
2022-10-22 01:06:42,0,0.0
2022-10-22 01:11:35,0,0.0
2022-10-22 01:16:25,0,0.0
2022-10-22 01:21:05,0,0.0
2022-10-22 01:26:42,0,0.0
2022-10-22 01:31:35,0,0.0
2022-10-22 01:36:35,0,0.0
2022-10-22 01:41:15,0,0.0
2022-10-22 01:46:42,0,0.0
2022-10-22 01:51:45,0,0.0
2022-10-22 01:56:25,0,0.0
2022-10-22 02:01:05,0,0.0
2022-10-22 02:06:21,0,0.0
2022-10-22 02:11:15,0,0.0
2022-10-22 02:16:21,0,0.0
2022-10-22 02:21:15,0,0.0
2022-10-22 02:26:21,0,0.0
2022-10-22 02:31:21,0,0.0
2022-10-22 02:36:21,0,0.0
2022-10-22 02:41:05,0,0.0
2022-10-22 02:46:21,0,0.0
2022-10-22 02:51:21,0,0.0
2022-10-22 02:56:15,0,0.0
2022-10-22 03:01:05,0,0.0
2022-10-22 03:06:21,0,0.0
2022-10-22 03:11:15,0,0.0
2022-10-22 03:16:21,0,0.0
2022-10-22 03:21:15,0,0.0
2022-10-22 03:26:21,0,0.0
2022-10-22 03:31:21,0,0.0
2022-10-22 03:36:21,0,0.0
2022-10-22 03:41:05,0,0.0
2022-10-22 03:46:21,0,0.0
2022-10-22 03:51:21,0,0.0
2022-10-22 03:56:15,0,0.0
2022-10-22 04:01:15,0,0.0
2022-10-22 04:06:21,0,0.0
2022-10-22 04:11:15,0,0.0
2022-10-22 04:16:21,0,0.0
2022-10-22 04:21:05,0,0.0
2022-10-22 04:26:05,0,0.0
2022-10-22 04:31:21,0,0.0
2022-10-22 04:36:21,0,0.0
2022-10-22 04:41:15,0,0.0
2022-10-22 04:46:21,0,0.0
2022-10-22 04:51:21,0,0.0
2022-10-22 04:56:15,0,0.0
2022-10-22 05:01:21,0,0.0
2022-10-22 05:06:05,0,0.0
2022-10-22 05:11:21,0,0.0
2022-10-22 05:16:20,0,0.0
2022-10-22 05:21:15,0,0.0
2022-10-22 05:26:21,0,0.0
2022-10-22 05:31:21,0,0.0
2022-10-22 05:36:21,0,0.0
2022-10-22 05:41:15,0,0.0
2022-10-22 05:46:05,0,0.0
2022-10-22 05:51:20,0,0.0
2022-10-22 05:56:15,0,0.0
2022-10-22 06:01:05,0,0.0
2022-10-22 06:06:21,0,0.0
2022-10-22 06:11:15,0,0.0
2022-10-22 06:16:21,0,0.0
2022-10-22 06:21:15,0,0.0
2022-10-22 06:26:21,0,0.0
2022-10-22 06:31:21,0,0.0
2022-10-22 06:36:21,0,0.0
2022-10-22 06:41:15,0,0.0
2022-10-22 06:46:05,0,0.0
2022-10-22 06:51:20,0,0.0
2022-10-22 06:56:15,0,0.0
2022-10-22 07:01:15,0,0.0
2022-10-22 07:06:20,0,0.0
2022-10-22 07:11:15,0,0.0
2022-10-22 07:16:21,0,0.0
2022-10-22 07:21:05,0,0.0
2022-10-22 07:26:20,0,0.0
2022-10-22 07:31:21,0,0.0
2022-10-22 07:36:15,0,0.0
2022-10-22 07:41:20,0,0.0
2022-10-22 07:46:20,0,0.0
2022-10-22 07:51:20,0,0.0
2022-10-22 07:56:05,0,0.0
2022-10-22 08:01:21,0,0.0
2022-10-22 08:06:20,0,0.0
2022-10-22 08:11:15,0,0.0
2022-10-22 08:16:20,0,0.0
2022-10-22 08:21:20,0,0.0
2022-10-22 08:26:15,0,0.0
2022-10-22 08:31:05,0,0.0
2022-10-22 08:36:20,0,0.0
2022-10-22 08:41:15,0,0.0
2022-10-22 08:46:20,0,0.0
2022-10-22 08:51:20,0,0.0
2022-10-22 08:56:05,0,0.0
2022-10-22 09:01:20,0,0.0
2022-10-22 09:06:20,0,0.0
2022-10-22 09:11:15,0,0.0
2022-10-22 09:16:15,0,0.0
2022-10-22 09:21:20,0,0.0
2022-10-22 09:26:15,0,0.0
2022-10-22 09:31:20,0,0.0
2022-10-22 09:36:05,0,0.0
2022-10-22 09:41:20,0,0.0
2022-10-22 09:46:20,0,0.0
2022-10-22 09:51:20,0,0.0
2022-10-22 09:56:15,0,0.0
2022-10-22 10:01:46,0,0.0
2022-10-22 10:06:41,0,0.0
2022-10-22 10:11:25,0,0.0
2022-10-22 10:16:05,0,0.0
2022-10-22 10:21:46,0,0.0
2022-10-22 10:26:41,0,0.0
2022-10-22 10:31:25,0,0.0
2022-10-22 10:36:05,0,0.0
2022-10-22 10:41:46,0,0.0
2022-10-22 10:46:35,0,0.0
2022-10-22 10:51:15,0,0.0
2022-10-22 10:56:15,0,0.0
2022-10-22 11:01:46,0,0.0
2022-10-22 11:06:41,0,0.0
2022-10-22 11:11:25,0,0.0
2022-10-22 11:16:05,0,0.0
2022-10-22 11:21:45,0,0.0
2022-10-22 11:26:35,0,0.0
2022-10-22 11:31:35,0,0.0
2022-10-22 11:36:15,0,0.0
2022-10-22 11:41:46,0,0.0
2022-10-22 11:46:41,0,0.0
2022-10-22 11:51:15,0,0.0
2022-10-22 11:56:41,0,0.0
2022-10-22 12:01:45,0,0.0
2022-10-22 12:06:41,0,0.0
2022-10-22 12:11:35,0,0.0
2022-10-22 12:16:41,0,0.0
2022-10-22 12:21:46,0,0.0
2022-10-22 12:26:41,0,0.0
2022-10-22 12:31:25,0,0.0
2022-10-22 12:36:05,0,0.0
2022-10-22 12:41:05,0,0.0
2022-10-22 12:46:41,0,0.0
2022-10-22 12:51:35,0,0.0
2022-10-22 12:56:15,0,0.0
2022-10-22 13:01:46,0,0.0
2022-10-22 13:06:41,0,0.0
2022-10-22 13:11:25,0,0.0
2022-10-22 13:16:25,0,0.0
2022-10-22 13:21:05,0,0.0
2022-10-22 13:26:41,0,0.0
2022-10-22 13:31:35,0,0.0
2022-10-22 13:36:15,0,0.0
2022-10-22 13:41:15,0,0.0
2022-10-22 13:46:41,0,0.0
2022-10-22 13:51:45,0,0.0
2022-10-22 13:56:25,0,0.0
2022-10-22 14:01:05,0,0.0
2022-10-22 14:06:41,0,0.0
2022-10-22 14:11:25,0,0.0
2022-10-22 14:16:05,0,0.0
2022-10-22 14:21:46,0,0.0
2022-10-22 14:26:41,0,0.0
2022-10-22 14:31:35,0,0.0
2022-10-22 14:36:05,0,0.0
2022-10-22 14:41:46,0,0.0
2022-10-22 14:46:35,0,0.0
2022-10-22 14:51:15,0,0.0
2022-10-22 14:56:15,0,0.0
2022-10-22 15:01:46,0,0.0
2022-10-22 15:06:41,0,0.0
2022-10-22 15:11:35,0,0.0
2022-10-22 15:16:15,0,0.0
2022-10-22 15:21:46,0,0.0
2022-10-22 15:26:41,0,0.0
2022-10-22 15:31:45,0,0.0
2022-10-22 15:36:25,0,0.0
2022-10-22 15:41:05,0,0.0
2022-10-22 15:46:41,0,0.0
2022-10-22 15:51:35,0,0.0
2022-10-22 15:56:15,0,0.0
2022-10-22 16:01:46,0,0.0
2022-10-22 16:06:41,0,0.0
2022-10-22 16:11:45,0,0.0
2022-10-22 16:16:25,0,0.0
2022-10-22 16:21:05,0,0.0
2022-10-22 16:26:41,0,0.0
2022-10-22 16:31:35,0,0.0
2022-10-22 16:36:15,0,0.0
2022-10-22 16:41:15,0,0.0
2022-10-22 16:46:41,0,0.0
2022-10-22 16:51:45,0,0.0
2022-10-22 16:56:25,0,0.0
2022-10-22 17:01:05,0,0.0
2022-10-22 17:06:41,0,0.0
2022-10-22 17:11:35,0,0.0
2022-10-22 17:16:35,0,0.0
2022-10-22 17:21:15,0,0.0
2022-10-22 17:26:41,0,0.0
2022-10-22 17:31:45,0,0.0
2022-10-22 17:36:25,0,0.0
2022-10-22 17:41:05,0,0.0
2022-10-22 17:46:41,0,0.0
2022-10-22 17:51:45,0,0.0
2022-10-22 17:56:25,0,0.0
2022-10-22 18:01:05,0,0.0
2022-10-22 18:06:41,0,0.0
2022-10-22 18:11:35,0,0.0
2022-10-22 18:16:15,0,0.0
2022-10-22 18:21:46,0,0.0
2022-10-22 18:26:41,0,0.0
2022-10-22 18:31:25,0,0.0
2022-10-22 18:36:05,0,0.0
2022-10-22 18:41:45,0,0.0
2022-10-22 18:46:25,0,0.0
2022-10-22 18:51:05,0,0.0
2022-10-22 18:56:35,0,0.0
2022-10-22 19:01:15,0,0.0
2022-10-22 19:06:20,0,0.0
2022-10-22 19:11:15,0,0.0
2022-10-22 19:16:20,0,0.0
2022-10-22 19:21:05,0,0.0
2022-10-22 19:26:20,0,0.0
2022-10-22 19:31:20,0,0.0
2022-10-22 19:36:20,0,0.0
2022-10-22 19:41:15,0,0.0
2022-10-22 19:46:20,0,0.0
2022-10-22 19:51:20,0,0.0
2022-10-22 19:56:15,0,0.0
2022-10-22 20:01:05,0,0.0
2022-10-22 20:06:20,0,0.0
2022-10-22 20:11:15,0,0.0
2022-10-22 20:16:15,0,0.0
2022-10-22 20:21:20,0,0.0
2022-10-22 20:26:15,0,0.0
2022-10-22 20:31:05,0,0.0
2022-10-22 20:36:20,0,0.0
2022-10-22 20:41:15,0,0.0
2022-10-22 20:46:15,0,0.0
2022-10-22 20:51:20,0,0.0
2022-10-22 20:56:05,0,0.0
2022-10-22 21:01:20,0,0.0
2022-10-22 21:06:21,0,0.0
2022-10-22 21:11:15,0,0.0
2022-10-22 21:16:21,0,0.0
2022-10-22 21:21:20,0,0.0
2022-10-22 21:26:15,0,0.0
2022-10-22 21:31:20,0,0.0
2022-10-22 21:36:05,0,0.0
2022-10-22 21:41:21,0,0.0
2022-10-22 21:46:21,0,0.0
2022-10-22 21:51:15,0,0.0
2022-10-22 21:56:20,0,0.0
2022-10-22 22:01:21,0,0.0
2022-10-22 22:06:20,0,0.0
2022-10-22 22:11:15,0,0.0
2022-10-22 22:16:05,0,0.0
2022-10-22 22:21:21,0,0.0
2022-10-22 22:26:15,0,0.0
2022-10-22 22:31:15,0,0.0
2022-10-22 22:36:20,0,0.0
2022-10-22 22:41:15,0,0.0
2022-10-22 22:46:20,0,0.0
2022-10-22 22:51:20,0,0.0
2022-10-22 22:56:05,0,0.0
2022-10-22 23:01:20,0,0.0
2022-10-22 23:06:21,0,0.0
2022-10-22 23:11:15,0,0.0
2022-10-22 23:16:15,0,0.0
2022-10-22 23:21:21,0,0.0
2022-10-22 23:26:15,0,0.0
2022-10-22 23:31:20,0,0.0
2022-10-22 23:36:05,0,0.0
2022-10-22 23:41:20,0,0.0
2022-10-22 23:46:21,0,0.0
2022-10-22 23:51:20,0,0.0
2022-10-22 23:56:05,0,0.0
2022-10-23 00:01:20,0,0.0
2022-10-23 00:06:20,0,0.0
2022-10-23 00:11:15,0,0.0
2022-10-23 00:16:20,0,0.0
2022-10-23 00:21:20,0,0.0
2022-10-23 00:26:15,0,0.0
2022-10-23 00:31:20,0,0.0
2022-10-23 00:36:05,0,0.0
2022-10-23 00:41:20,0,0.0
2022-10-23 00:46:20,0,0.0
2022-10-23 00:51:15,0,0.0
2022-10-23 00:56:15,0,0.0
2022-10-23 01:01:20,0,0.0
2022-10-23 01:06:20,0,0.0
2022-10-23 01:11:15,0,0.0
2022-10-23 01:16:05,0,0.0
2022-10-23 01:21:20,0,0.0
2022-10-23 01:26:15,0,0.0
2022-10-23 01:31:20,0,0.0
2022-10-23 01:36:15,0,0.0
2022-10-23 01:41:20,0,0.0
2022-10-23 01:46:20,0,0.0
2022-10-23 01:51:20,0,0.0
2022-10-23 01:56:05,0,0.0
2022-10-23 02:01:20,0,0.0
2022-10-23 02:06:20,0,0.0
2022-10-23 02:11:15,0,0.0
2022-10-23 02:16:15,0,0.0
2022-10-23 02:21:20,0,0.0
2022-10-23 02:26:15,0,0.0
2022-10-23 02:31:20,0,0.0
2022-10-23 02:36:20,0,0.0
2022-10-23 02:41:05,0,0.0
2022-10-23 02:46:20,0,0.0
2022-10-23 02:51:20,0,0.0
2022-10-23 02:56:15,0,0.0
2022-10-23 03:01:20,0,0.0
2022-10-23 03:06:20,0,0.0
2022-10-23 03:11:15,0,0.0
2022-10-23 03:16:15,0,0.0
2022-10-23 03:21:20,0,0.0
2022-10-23 03:26:15,0,0.0
2022-10-23 03:31:20,0,0.0
2022-10-23 03:36:05,0,0.0
2022-10-23 03:41:20,0,0.0
2022-10-23 03:46:20,0,0.0
2022-10-23 03:51:20,0,0.0
2022-10-23 03:56:15,0,0.0
2022-10-23 04:01:20,0,0.0
2022-10-23 04:06:20,0,0.0
2022-10-23 04:11:15,0,0.0
2022-10-23 04:16:05,0,0.0
2022-10-23 04:21:05,0,0.0
2022-10-23 04:26:20,0,0.0
2022-10-23 04:31:20,0,0.0
2022-10-23 04:36:15,0,0.0
2022-10-23 04:41:20,0,0.0
2022-10-23 04:46:20,0,0.0
2022-10-23 04:51:20,0,0.0
2022-10-23 04:56:15,0,0.0
2022-10-23 05:01:05,0,0.0
2022-10-23 05:06:20,0,0.0
2022-10-23 05:11:15,0,0.0
2022-10-23 05:16:15,0,0.0
2022-10-23 05:21:46,0,0.0
2022-10-23 05:26:40,0,0.0
2022-10-23 05:31:45,0,0.0
2022-10-23 05:36:25,0,0.0
2022-10-23 05:41:05,0,0.0
2022-10-23 05:46:40,0,0.0
2022-10-23 05:51:35,0,0.0
2022-10-23 05:56:15,0,0.0
2022-10-23 06:01:15,0,0.0
2022-10-23 06:06:40,0,0.0
2022-10-23 06:11:35,0,0.0
2022-10-23 06:16:25,0,0.0
2022-10-23 06:21:05,0,0.0
2022-10-23 06:26:40,0,0.0
2022-10-23 06:31:35,0,0.0
2022-10-23 06:36:15,0,0.0
2022-10-23 06:41:15,0,0.0
2022-10-23 06:46:40,0,0.0
2022-10-23 06:51:25,0,0.0
2022-10-23 06:56:05,0,0.0
2022-10-23 07:01:46,0,0.0
2022-10-23 07:06:35,0,0.0
2022-10-23 07:11:45,0,0.0
2022-10-23 07:16:25,0,0.0
2022-10-23 07:21:05,0,0.0
2022-10-23 07:26:20,0,0.0
2022-10-23 07:31:20,0,0.0
2022-10-23 07:36:15,0,0.0
2022-10-23 07:41:20,0,0.0
2022-10-23 07:46:20,0,0.0
2022-10-23 07:51:20,0,0.0
2022-10-23 07:56:15,0,0.0
2022-10-23 08:01:05,0,0.0
2022-10-23 08:06:20,0,0.0
2022-10-23 08:11:15,0,0.0
2022-10-23 08:16:15,0,0.0
2022-10-23 08:21:15,0,0.0
2022-10-23 08:26:15,0,0.0
2022-10-23 08:31:20,0,0.0
2022-10-23 08:36:20,0,0.0
2022-10-23 08:41:05,0,0.0
2022-10-23 08:46:20,0,0.0
2022-10-23 08:51:20,0,0.0
2022-10-23 08:56:15,0,0.0
2022-10-23 09:01:15,0,0.0
2022-10-23 09:06:46,0,0.0
2022-10-23 09:11:45,0,0.0
2022-10-23 09:16:25,0,0.0
2022-10-23 09:21:05,0,0.0
2022-10-23 09:26:05,0,0.0
2022-10-23 09:31:46,0,0.0
2022-10-23 09:36:35,0,0.0
2022-10-23 09:41:05,0,0.0
2022-10-23 09:46:40,0,0.0
2022-10-23 09:51:35,0,0.0
2022-10-23 09:56:15,0,0.0
2022-10-23 10:01:25,0,0.0
2022-10-23 10:06:05,0,0.0
2022-10-23 10:11:46,0,0.0
2022-10-23 10:16:35,0,0.0
2022-10-23 10:21:15,0,0.0
2022-10-23 10:26:15,0,0.0
2022-10-23 10:31:45,0,0.0
2022-10-23 10:36:40,0,0.0
2022-10-23 10:41:25,0,0.0
2022-10-23 10:46:05,0,0.0
2022-10-23 10:51:46,0,0.0
2022-10-23 10:56:35,0,0.0
2022-10-23 11:01:15,0,0.0
2022-10-23 11:06:40,0,0.0
2022-10-23 11:11:35,0,0.0
2022-10-23 11:16:25,0,0.0
2022-10-23 11:21:05,0,0.0
2022-10-23 11:26:40,0,0.0
2022-10-23 11:31:25,0,0.0
2022-10-23 11:36:05,0,0.0
2022-10-23 11:41:46,0,0.0
2022-10-23 11:46:35,0,0.0
2022-10-23 11:51:15,0,0.0
2022-10-23 11:56:15,0,0.0
2022-10-23 12:01:46,0,0.0
2022-10-23 12:06:40,0,0.0
2022-10-23 12:11:25,0,0.0
2022-10-23 12:16:05,0,0.0
2022-10-23 12:21:46,0,0.0
2022-10-23 12:26:35,0,0.0
2022-10-23 12:31:15,0,0.0
2022-10-23 12:36:15,0,0.0
2022-10-23 12:41:15,0,0.0
2022-10-23 12:46:40,0,0.0
2022-10-23 12:51:25,0,0.0
2022-10-23 12:56:05,0,0.0
2022-10-23 13:01:46,0,0.0
2022-10-23 13:06:35,0,0.0
2022-10-23 13:11:25,0,0.0
2022-10-23 13:16:05,0,0.0
2022-10-23 13:21:46,0,0.0
2022-10-23 13:26:35,0,0.0
2022-10-23 13:31:15,0,0.0
2022-10-23 13:36:39,0,0.0
2022-10-23 13:41:35,0,0.0
2022-10-23 13:46:39,0,0.0
2022-10-23 13:51:25,0,0.0
2022-10-23 13:56:05,0,0.0
2022-10-23 14:01:46,0,0.0
2022-10-23 14:06:35,0,0.0
2022-10-23 14:11:15,0,0.0
2022-10-23 14:16:15,0,0.0
2022-10-23 14:21:46,0,0.0
2022-10-23 14:26:39,0,0.0
2022-10-23 14:31:25,0,0.0
2022-10-23 14:36:05,0,0.0
2022-10-23 14:41:46,0,0.0
2022-10-23 14:46:35,0,0.0
2022-10-23 14:51:35,0,0.0
2022-10-23 14:56:15,0,0.0
2022-10-23 15:01:46,0,0.0
2022-10-23 15:06:39,0,0.0
2022-10-23 15:11:25,0,0.0
2022-10-23 15:16:05,0,0.0
2022-10-23 15:21:46,0,0.0
2022-10-23 15:26:39,0,0.0
2022-10-23 15:31:35,0,0.0
2022-10-23 15:36:15,0,0.0
2022-10-23 15:41:15,0,0.0
2022-10-23 15:46:39,0,0.0
2022-10-23 15:51:25,0,0.0
2022-10-23 15:56:05,0,0.0
2022-10-23 16:01:05,0,0.0
2022-10-23 16:06:39,0,0.0
2022-10-23 16:11:35,0,0.0
2022-10-23 16:16:15,0,0.0
2022-10-23 16:21:46,0,0.0
2022-10-23 16:26:39,0,0.0
2022-10-23 16:31:25,0,0.0
2022-10-23 16:36:25,0,0.0
2022-10-23 16:41:05,0,0.0
2022-10-23 16:46:39,0,0.0
2022-10-23 16:51:35,0,0.0
2022-10-23 16:56:15,0,0.0
2022-10-23 17:01:46,0,0.0
2022-10-23 17:06:39,0,0.0
2022-10-23 17:11:35,0,0.0
2022-10-23 17:16:15,0,0.0
2022-10-23 17:21:46,0,0.0
2022-10-23 17:26:39,0,0.0
2022-10-23 17:31:25,0,0.0
2022-10-23 17:36:05,0,0.0
2022-10-23 17:41:05,0,0.0
2022-10-23 17:46:39,0,0.0
2022-10-23 17:51:35,0,0.0
2022-10-23 17:56:15,0,0.0
2022-10-23 18:01:46,0,0.0
2022-10-23 18:06:39,0,0.0
2022-10-23 18:11:25,0,0.0
2022-10-23 18:16:05,0,0.0
2022-10-23 18:21:46,0,0.0
2022-10-23 18:26:35,0,0.0
2022-10-23 18:31:15,0,0.0
2022-10-23 18:36:39,0,0.0
2022-10-23 18:41:35,0,0.0
2022-10-23 18:46:25,0,0.0
2022-10-23 18:51:05,0,0.0
2022-10-23 18:56:39,0,0.0
2022-10-23 19:01:35,0,0.0
2022-10-23 19:06:25,0,0.0
2022-10-23 19:11:05,0,0.0
2022-10-23 19:16:39,0,0.0
2022-10-23 19:21:35,0,0.0
2022-10-23 19:26:15,0,0.0
2022-10-23 19:31:46,0,0.0
2022-10-23 19:36:39,0,0.0
2022-10-23 19:41:45,0,0.0
2022-10-23 19:46:25,0,0.0
2022-10-23 19:51:05,0,0.0
2022-10-23 19:56:39,0,0.0
2022-10-23 20:01:35,0,0.0
2022-10-23 20:06:15,0,0.0
2022-10-23 20:11:15,0,0.0
2022-10-23 20:16:39,0,0.0
2022-10-23 20:21:45,0,0.0
2022-10-23 20:26:25,0,0.0
2022-10-23 20:31:05,0,0.0
2022-10-23 20:36:39,0,0.0
2022-10-23 20:41:17,0,0.0
2022-10-23 20:46:15,0,0.0
2022-10-23 20:51:15,0,0.0
2022-10-23 20:56:15,0,0.0
2022-10-23 21:01:45,0,0.0
2022-10-23 21:06:25,0,0.0
2022-10-23 21:11:05,0,0.0
2022-10-23 21:16:39,0,0.0
2022-10-23 21:21:35,0,0.0
2022-10-23 21:26:35,0,0.0
2022-10-23 21:31:15,0,0.0
2022-10-23 21:36:39,0,0.0
2022-10-23 21:41:35,0,0.0
2022-10-23 21:46:25,0,0.0
2022-10-23 21:51:05,0,0.0
2022-10-23 21:56:39,0,0.0
2022-10-23 22:01:46,0,0.0
2022-10-23 22:06:35,0,0.0
2022-10-23 22:11:15,0,0.0
2022-10-23 22:16:39,0,0.0
2022-10-23 22:21:45,0,0.0
2022-10-23 22:26:25,0,0.0
2022-10-23 22:31:25,0,0.0
2022-10-23 22:36:05,0,0.0
2022-10-23 22:41:46,0,0.0
2022-10-23 22:46:35,0,0.0
2022-10-23 22:51:15,0,0.0
2022-10-23 22:56:15,0,0.0
2022-10-23 23:01:45,0,0.0
2022-10-23 23:06:35,0,0.0
2022-10-23 23:11:15,0,0.0
2022-10-23 23:16:39,0,0.0
2022-10-23 23:21:45,0,0.0
2022-10-23 23:26:25,0,0.0
2022-10-23 23:31:05,0,0.0
2022-10-23 23:36:39,0,0.0
2022-10-23 23:41:35,0,0.0
2022-10-23 23:46:35,0,0.0
2022-10-23 23:51:46,0,0.0
2022-10-23 23:56:39,0,0.0
2022-10-24 00:01:45,0,0.0
2022-10-24 00:06:25,0,0.0
2022-10-24 00:11:05,0,0.0
2022-10-24 00:16:05,0,0.0
2022-10-24 00:21:46,0,0.0
2022-10-24 00:26:35,0,0.0
2022-10-24 00:31:15,0,0.0
2022-10-24 00:36:39,0,0.0
2022-10-24 00:41:35,0,0.0
2022-10-24 00:46:04,0,0.0
2022-10-24 00:51:25,0,0.0
2022-10-24 00:56:05,0,0.0
2022-10-24 01:01:46,0,0.0
2022-10-24 01:06:35,0,0.0
2022-10-24 01:11:15,0,0.0
2022-10-24 01:16:39,0,0.0
2022-10-24 01:21:46,0,0.0
2022-10-24 01:26:39,0,0.0
2022-10-24 01:31:25,0,0.0
2022-10-24 01:36:05,0,0.0
2022-10-24 01:41:45,0,0.0
2022-10-24 01:46:25,0,0.0
2022-10-24 01:51:05,0,0.0
2022-10-24 01:56:15,0,0.0
2022-10-24 02:01:46,0,0.0
2022-10-24 02:06:39,0,0.0
2022-10-24 02:11:15,0,0.0
2022-10-24 02:16:39,0,0.0
2022-10-24 02:21:45,0,0.0
2022-10-24 02:26:25,0,0.0
2022-10-24 02:31:25,0,0.0
2022-10-24 02:36:05,0,0.0
2022-10-24 02:41:46,0,0.0
2022-10-24 02:46:35,0,0.0
2022-10-24 02:51:15,0,0.0
2022-10-24 02:56:15,0,0.0
2022-10-24 03:01:45,0,0.0
2022-10-24 03:06:39,0,0.0
2022-10-24 03:11:25,0,0.0
2022-10-24 03:16:05,0,0.0
2022-10-24 03:21:46,0,0.0
2022-10-24 03:26:35,0,0.0
2022-10-24 03:31:15,0,0.0
2022-10-24 03:36:39,0,0.0
2022-10-24 03:41:35,0,0.0
2022-10-24 03:46:39,0,0.0
2022-10-24 03:51:25,0,0.0
2022-10-24 03:56:05,0,0.0
2022-10-24 04:01:46,0,0.0
2022-10-24 04:06:35,0,0.0
2022-10-24 04:11:15,0,0.0
2022-10-24 04:16:39,0,0.0
2022-10-24 04:21:45,0,0.0
2022-10-24 04:26:25,0,0.0
2022-10-24 04:31:05,0,0.0
2022-10-24 04:36:38,0,0.0
2022-10-24 04:41:35,0,0.0
2022-10-24 04:46:38,0,0.0
2022-10-24 04:51:35,0,0.0
2022-10-24 04:56:15,0,0.0
2022-10-24 05:01:46,0,0.0
2022-10-24 05:06:38,0,0.0
2022-10-24 05:11:25,0,0.0
2022-10-24 05:16:05,0,0.0
2022-10-24 05:21:05,0,0.0
2022-10-24 05:26:38,0,0.0
2022-10-24 05:31:35,0,0.0
2022-10-24 05:36:15,0,0.0
2022-10-24 05:41:46,0,0.0
2022-10-24 05:46:38,0,0.0
2022-10-24 05:51:15,0,0.0
2022-10-24 05:56:15,0,0.0
2022-10-24 06:01:04,0,0.0
2022-10-24 06:06:39,21,35.0
2022-10-24 06:11:36,21,38.0
2022-10-24 06:16:06,21,37.25
2022-10-24 06:21:47,21,37.25
2022-10-24 06:26:36,21,37.0
2022-10-24 06:31:36,21,37.0
2022-10-24 06:36:16,22,40.0
2022-10-24 06:41:47,22,52.25
2022-10-24 06:46:39,22,66.75
2022-10-24 06:51:26,22,84.5
2022-10-24 06:56:06,22,91.25
2022-10-24 07:01:47,22,71.25
2022-10-24 07:06:39,22,67.5
2022-10-24 07:11:36,22,63.5
2022-10-24 07:16:16,22,61.5
2022-10-24 07:21:47,22,61.0
2022-10-24 07:26:39,23,55.25
2022-10-24 07:31:26,23,51.75
2022-10-24 07:36:06,23,40.5
2022-10-24 07:41:06,23,39.75
2022-10-24 07:46:39,23,38.75
2022-10-24 07:51:36,23,37.25
2022-10-24 07:56:16,23,38.75
